name,food_type_id,id_city,image_path,description,cover_image,gallery,short_description,detailed_description,ingredients,taste_profile,dietary_warnings,average_rating,review_count,source_location,source_classification,source_section
Bánh canh,f16c8f84-d19a-4a37-bdff-d7c07c283b6b,51eb38d6-9728-4d90-b7fe-c2f8236144a2,https://upload.wikimedia.org/wikipedia/commons/thumb/c/c4/Banh-Canh-Noodle-Soup.jpg/120px-Banh-Canh-Noodle-Soup.jpg,"Được làm từ bột gạo, bột mì, hoặc bột sắn hoặc bột gạo pha bột sắn cán thành tấm và cắt ra thành sợi to và ngắn với nước dùng được nấu từ tôm, cá, giò heo... thêm gia vị tùy theo từng loại [ 1 ] [ 2 ]",https://upload.wikimedia.org/wikipedia/commons/thumb/c/c4/Banh-Canh-Noodle-Soup.jpg/120px-Banh-Canh-Noodle-Soup.jpg,"[""https://upload.wikimedia.org/wikipedia/commons/thumb/c/c4/Banh-Canh-Noodle-Soup.jpg/120px-Banh-Canh-Noodle-Soup.jpg""]","Được làm từ bột gạo, bột mì, hoặc bột sắn hoặc bột gạo pha bột sắn cán thành tấm và cắt ra thành sợi to và ngắn với nước","Được làm từ bột gạo, bột mì, hoặc bột sắn hoặc bột gạo pha bột sắn cán thành tấm và cắt ra thành sợi to và ngắn với nước dùng được nấu từ tôm, cá, giò heo... thêm gia vị tùy theo từng loại [ 1 ] [ 2 ]",,,,,0,Miền Nam,Mì,Dạng sợi ( bún / mì các loại)
Bánh đa cua,f16c8f84-d19a-4a37-bdff-d7c07c283b6b,788aeac0-5766-4314-b4ac-876c194a29b8,https://upload.wikimedia.org/wikipedia/commons/thumb/8/81/BANH_DA_CUA_1.jpg/120px-BANH_DA_CUA_1.jpg,Bánh đa với nước dùng riêu cua,https://upload.wikimedia.org/wikipedia/commons/thumb/8/81/BANH_DA_CUA_1.jpg/120px-BANH_DA_CUA_1.jpg,"[""https://upload.wikimedia.org/wikipedia/commons/thumb/8/81/BANH_DA_CUA_1.jpg/120px-BANH_DA_CUA_1.jpg""]",Bánh đa với nước dùng riêu cua,Bánh đa với nước dùng riêu cua,,,,,0,Hải Phòng,Bánh đa nước,Dạng sợi ( bún / mì các loại)
Bánh tằm cà ri,f16c8f84-d19a-4a37-bdff-d7c07c283b6b,4b4af742-4fef-4313-a9b2-50ec8824aa8a,https://upload.wikimedia.org/wikipedia/commons/thumb/7/7c/B%C3%A1nh_t%E1%BA%B1m_c%C3%A0_ri.jpg/120px-B%C3%A1nh_t%E1%BA%B1m_c%C3%A0_ri.jpg,Bún gạo đặc biệt dùng với cà ri gà cay,https://upload.wikimedia.org/wikipedia/commons/thumb/7/7c/B%C3%A1nh_t%E1%BA%B1m_c%C3%A0_ri.jpg/120px-B%C3%A1nh_t%E1%BA%B1m_c%C3%A0_ri.jpg,"[""https://upload.wikimedia.org/wikipedia/commons/thumb/7/7c/B%C3%A1nh_t%E1%BA%B1m_c%C3%A0_ri.jpg/120px-B%C3%A1nh_t%E1%BA%B1m_c%C3%A0_ri.jpg""]",Bún gạo đặc biệt dùng với cà ri gà cay,Bún gạo đặc biệt dùng với cà ri gà cay,,,,,0,Cà Mau,,Dạng sợi ( bún / mì các loại)
Bún bò Huế,f16c8f84-d19a-4a37-bdff-d7c07c283b6b,6fc8742d-40d6-43f9-9fd1-f497b4f62ddc,https://upload.wikimedia.org/wikipedia/commons/thumb/0/00/Bun-Bo-Hue-from-Huong-Giang-2011.jpg/120px-Bun-Bo-Hue-from-Huong-Giang-2011.jpg,"Bún đặc sản của xứ Huế, trong nước dùng có một ít mắm ruốc, góp phần làm nên hương vị rất riêng [ 3 ]",https://upload.wikimedia.org/wikipedia/commons/thumb/0/00/Bun-Bo-Hue-from-Huong-Giang-2011.jpg/120px-Bun-Bo-Hue-from-Huong-Giang-2011.jpg,"[""https://upload.wikimedia.org/wikipedia/commons/thumb/0/00/Bun-Bo-Hue-from-Huong-Giang-2011.jpg/120px-Bun-Bo-Hue-from-Huong-Giang-2011.jpg""]","Bún đặc sản của xứ Huế, trong nước dùng có một ít mắm ruốc, góp phần làm nên hương vị rất riêng [ 3 ]","Bún đặc sản của xứ Huế, trong nước dùng có một ít mắm ruốc, góp phần làm nên hương vị rất riêng [ 3 ]",,,,,0,Huế,Bún nước,Dạng sợi ( bún / mì các loại)
Bún bung,f16c8f84-d19a-4a37-bdff-d7c07c283b6b,97a6dbe2-3e11-4e93-b238-5648a1fc93aa,https://upload.wikimedia.org/wikipedia/commons/thumb/1/1a/B%C3%BAn_m%E1%BB%8Dc_s%C6%B0%E1%BB%9Dn.jpg/120px-B%C3%BAn_m%E1%BB%8Dc_s%C6%B0%E1%BB%9Dn.jpg,Bún nấu với sườn lợn và dọc mùng,https://upload.wikimedia.org/wikipedia/commons/thumb/1/1a/B%C3%BAn_m%E1%BB%8Dc_s%C6%B0%E1%BB%9Dn.jpg/120px-B%C3%BAn_m%E1%BB%8Dc_s%C6%B0%E1%BB%9Dn.jpg,"[""https://upload.wikimedia.org/wikipedia/commons/thumb/1/1a/B%C3%BAn_m%E1%BB%8Dc_s%C6%B0%E1%BB%9Dn.jpg/120px-B%C3%BAn_m%E1%BB%8Dc_s%C6%B0%E1%BB%9Dn.jpg""]",Bún nấu với sườn lợn và dọc mùng,Bún nấu với sườn lợn và dọc mùng,,,,,0,Hà Nội,Bún nước,Dạng sợi ( bún / mì các loại)
Bún cá,f16c8f84-d19a-4a37-bdff-d7c07c283b6b,97a6dbe2-3e11-4e93-b238-5648a1fc93aa,https://upload.wikimedia.org/wikipedia/commons/thumb/e/e9/B%C3%BAn_C%C3%A1_H%C3%A0_N%E1%BB%99i.jpg/120px-B%C3%BAn_C%C3%A1_H%C3%A0_N%E1%BB%99i.jpg,"Bún và chả cá nướng trộn nước mắm, rau sống",https://upload.wikimedia.org/wikipedia/commons/thumb/e/e9/B%C3%BAn_C%C3%A1_H%C3%A0_N%E1%BB%99i.jpg/120px-B%C3%BAn_C%C3%A1_H%C3%A0_N%E1%BB%99i.jpg,"[""https://upload.wikimedia.org/wikipedia/commons/thumb/e/e9/B%C3%BAn_C%C3%A1_H%C3%A0_N%E1%BB%99i.jpg/120px-B%C3%BAn_C%C3%A1_H%C3%A0_N%E1%BB%99i.jpg""]","Bún và chả cá nướng trộn nước mắm, rau sống","Bún và chả cá nướng trộn nước mắm, rau sống",,,,,0,Hà Nội,Bún khô,Dạng sợi ( bún / mì các loại)
Bún chả,f16c8f84-d19a-4a37-bdff-d7c07c283b6b,97a6dbe2-3e11-4e93-b238-5648a1fc93aa,https://upload.wikimedia.org/wikipedia/commons/thumb/6/6a/B%C3%BAn_ch%E1%BA%A3_H%C3%A0ng_M%C3%A0nh.jpg/120px-B%C3%BAn_ch%E1%BA%A3_H%C3%A0ng_M%C3%A0nh.jpg,Bún ăn kèm chả viên và chả miếng với nước chấm,https://upload.wikimedia.org/wikipedia/commons/thumb/6/6a/B%C3%BAn_ch%E1%BA%A3_H%C3%A0ng_M%C3%A0nh.jpg/120px-B%C3%BAn_ch%E1%BA%A3_H%C3%A0ng_M%C3%A0nh.jpg,"[""https://upload.wikimedia.org/wikipedia/commons/thumb/6/6a/B%C3%BAn_ch%E1%BA%A3_H%C3%A0ng_M%C3%A0nh.jpg/120px-B%C3%BAn_ch%E1%BA%A3_H%C3%A0ng_M%C3%A0nh.jpg""]",Bún ăn kèm chả viên và chả miếng với nước chấm,Bún ăn kèm chả viên và chả miếng với nước chấm,,,,,0,Hà Nội,Bún,Dạng sợi ( bún / mì các loại)
Bún măng vịt,f16c8f84-d19a-4a37-bdff-d7c07c283b6b,096cb2da-4203-4c2b-a0b6-c26377e0b9a0,https://upload.wikimedia.org/wikipedia/commons/thumb/0/0f/B%C3%BAn_m%C4%83ng_th%E1%BB%8Bt_v%E1%BB%8Bt.jpg/120px-B%C3%BAn_m%C4%83ng_th%E1%BB%8Bt_v%E1%BB%8Bt.jpg,Bún măng dùng với nước hầm xương vịt [ 4 ],https://upload.wikimedia.org/wikipedia/commons/thumb/0/0f/B%C3%BAn_m%C4%83ng_th%E1%BB%8Bt_v%E1%BB%8Bt.jpg/120px-B%C3%BAn_m%C4%83ng_th%E1%BB%8Bt_v%E1%BB%8Bt.jpg,"[""https://upload.wikimedia.org/wikipedia/commons/thumb/0/0f/B%C3%BAn_m%C4%83ng_th%E1%BB%8Bt_v%E1%BB%8Bt.jpg/120px-B%C3%BAn_m%C4%83ng_th%E1%BB%8Bt_v%E1%BB%8Bt.jpg""]",Bún măng dùng với nước hầm xương vịt [ 4 ],Bún măng dùng với nước hầm xương vịt [ 4 ],,,,,0,,Bún nước,Dạng sợi ( bún / mì các loại)
Bún chả cá,f16c8f84-d19a-4a37-bdff-d7c07c283b6b,66b404d0-b35f-4bed-aaf8-2243aa601501,https://upload.wikimedia.org/wikipedia/vi/thumb/d/d2/Res_3_1167038266_thumb.jpg/120px-Res_3_1167038266_thumb.jpg,Bún với chả cá chan nước dùng nóng [ 4 ],https://upload.wikimedia.org/wikipedia/vi/thumb/d/d2/Res_3_1167038266_thumb.jpg/120px-Res_3_1167038266_thumb.jpg,"[""https://upload.wikimedia.org/wikipedia/vi/thumb/d/d2/Res_3_1167038266_thumb.jpg/120px-Res_3_1167038266_thumb.jpg""]",Bún với chả cá chan nước dùng nóng [ 4 ],Bún với chả cá chan nước dùng nóng [ 4 ],,,,,0,Đà Nẵng,Bún nước,Dạng sợi ( bún / mì các loại)
Bún chạo tôm,f16c8f84-d19a-4a37-bdff-d7c07c283b6b,6fc8742d-40d6-43f9-9fd1-f497b4f62ddc,https://upload.wikimedia.org/wikipedia/commons/thumb/d/d6/Bun-Chao-Tom-2008.jpg/120px-Bun-Chao-Tom-2008.jpg,"Tôm xiên vào que mía nướng ăn kèm bún, rau sống",https://upload.wikimedia.org/wikipedia/commons/thumb/d/d6/Bun-Chao-Tom-2008.jpg/120px-Bun-Chao-Tom-2008.jpg,"[""https://upload.wikimedia.org/wikipedia/commons/thumb/d/d6/Bun-Chao-Tom-2008.jpg/120px-Bun-Chao-Tom-2008.jpg""]","Tôm xiên vào que mía nướng ăn kèm bún, rau sống","Tôm xiên vào que mía nướng ăn kèm bún, rau sống",,,,,0,Huế,Bún khô,Dạng sợi ( bún / mì các loại)
Bún đậu mắm tôm,f16c8f84-d19a-4a37-bdff-d7c07c283b6b,c6ef84fe-e7ac-41b0-b338-1d0775331eb1,https://upload.wikimedia.org/wikipedia/commons/thumb/5/5a/B%C3%BAn_%C4%91%E1%BA%ADu_m%E1%BA%AFm_t%C3%B4m.jpg/120px-B%C3%BAn_%C4%91%E1%BA%ADu_m%E1%BA%AFm_t%C3%B4m.jpg,Bún ăn với đậu rán và mắm tôm,https://upload.wikimedia.org/wikipedia/commons/thumb/5/5a/B%C3%BAn_%C4%91%E1%BA%ADu_m%E1%BA%AFm_t%C3%B4m.jpg/120px-B%C3%BAn_%C4%91%E1%BA%ADu_m%E1%BA%AFm_t%C3%B4m.jpg,"[""https://upload.wikimedia.org/wikipedia/commons/thumb/5/5a/B%C3%BAn_%C4%91%E1%BA%ADu_m%E1%BA%AFm_t%C3%B4m.jpg/120px-B%C3%BAn_%C4%91%E1%BA%ADu_m%E1%BA%AFm_t%C3%B4m.jpg""]",Bún ăn với đậu rán và mắm tôm,Bún ăn với đậu rán và mắm tôm,,,,,0,Miền Bắc,Bún khô,Dạng sợi ( bún / mì các loại)
Bún mắm,f16c8f84-d19a-4a37-bdff-d7c07c283b6b,35727751-0e3d-4ed9-a2fd-1c41b799bda4,https://upload.wikimedia.org/wikipedia/commons/thumb/8/80/B%C3%BAn_m%E1%BA%AFm.jpg/120px-B%C3%BAn_m%E1%BA%AFm.jpg,Bún chan nước dùng làm từ mắm cá linh hay cá sặc,https://upload.wikimedia.org/wikipedia/commons/thumb/8/80/B%C3%BAn_m%E1%BA%AFm.jpg/120px-B%C3%BAn_m%E1%BA%AFm.jpg,"[""https://upload.wikimedia.org/wikipedia/commons/thumb/8/80/B%C3%BAn_m%E1%BA%AFm.jpg/120px-B%C3%BAn_m%E1%BA%AFm.jpg""]",Bún chan nước dùng làm từ mắm cá linh hay cá sặc,Bún chan nước dùng làm từ mắm cá linh hay cá sặc,,,,,0,"Vĩnh Long , Cần Thơ",Bún nước,Dạng sợi ( bún / mì các loại)
Bún mọc,f16c8f84-d19a-4a37-bdff-d7c07c283b6b,97a6dbe2-3e11-4e93-b238-5648a1fc93aa,https://upload.wikimedia.org/wikipedia/commons/thumb/2/2c/Bun_Moc_Ha_Noi.jpg/120px-Bun_Moc_Ha_Noi.jpg,Bún với mọc chan nước dùng,https://upload.wikimedia.org/wikipedia/commons/thumb/2/2c/Bun_Moc_Ha_Noi.jpg/120px-Bun_Moc_Ha_Noi.jpg,"[""https://upload.wikimedia.org/wikipedia/commons/thumb/2/2c/Bun_Moc_Ha_Noi.jpg/120px-Bun_Moc_Ha_Noi.jpg""]",Bún với mọc chan nước dùng,Bún với mọc chan nước dùng,,,,,0,Hà Nội,Bún nước,Dạng sợi ( bún / mì các loại)
Bún ốc,f16c8f84-d19a-4a37-bdff-d7c07c283b6b,c6ef84fe-e7ac-41b0-b338-1d0775331eb1,https://upload.wikimedia.org/wikipedia/commons/thumb/3/37/B%C3%BAn_%E1%BB%91c.jpg/120px-B%C3%BAn_%E1%BB%91c.jpg,"Bún, ốc với nước dùng có vị chua",https://upload.wikimedia.org/wikipedia/commons/thumb/3/37/B%C3%BAn_%E1%BB%91c.jpg/120px-B%C3%BAn_%E1%BB%91c.jpg,"[""https://upload.wikimedia.org/wikipedia/commons/thumb/3/37/B%C3%BAn_%E1%BB%91c.jpg/120px-B%C3%BAn_%E1%BB%91c.jpg""]","Bún, ốc với nước dùng có vị chua","Bún, ốc với nước dùng có vị chua",,,,,0,Miền Bắc,Bún nước,Dạng sợi ( bún / mì các loại)
Bún riêu cua,f16c8f84-d19a-4a37-bdff-d7c07c283b6b,096cb2da-4203-4c2b-a0b6-c26377e0b9a0,https://upload.wikimedia.org/wikipedia/commons/thumb/2/2a/B%C3%BAn_ri%C3%AAu_cua_n%C6%B0%E1%BB%9Bc.jpg/120px-B%C3%BAn_ri%C3%AAu_cua_n%C6%B0%E1%BB%9Bc.jpg,"Bún và riêu cua được nấu từ gạch cua, thân cua giã, lọc với quả dọc, cà chua, mỡ nước, mẻ ngấu, nước mắm, muối, hành hoa. [ 4 ] [ 5 ]",https://upload.wikimedia.org/wikipedia/commons/thumb/2/2a/B%C3%BAn_ri%C3%AAu_cua_n%C6%B0%E1%BB%9Bc.jpg/120px-B%C3%BAn_ri%C3%AAu_cua_n%C6%B0%E1%BB%9Bc.jpg,"[""https://upload.wikimedia.org/wikipedia/commons/thumb/2/2a/B%C3%BAn_ri%C3%AAu_cua_n%C6%B0%E1%BB%9Bc.jpg/120px-B%C3%BAn_ri%C3%AAu_cua_n%C6%B0%E1%BB%9Bc.jpg""]","Bún và riêu cua được nấu từ gạch cua, thân cua giã, lọc với quả dọc, cà chua, mỡ nước, mẻ ngấu, nước mắm, muối, hành hoa","Bún và riêu cua được nấu từ gạch cua, thân cua giã, lọc với quả dọc, cà chua, mỡ nước, mẻ ngấu, nước mắm, muối, hành hoa. [ 4 ] [ 5 ]",,,,,0,Khắp cả nước,Bún nước,Dạng sợi ( bún / mì các loại)
Bún thịt nướng,f16c8f84-d19a-4a37-bdff-d7c07c283b6b,6fc8742d-40d6-43f9-9fd1-f497b4f62ddc,https://upload.wikimedia.org/wikipedia/commons/thumb/4/47/Bun_thit_nuong.jpg/120px-Bun_thit_nuong.jpg,Bún ăn với thịt nướng cùng nước mắm và rau sống kiểu Huế. [ 1 ] [ 4 ] [ 6 ],https://upload.wikimedia.org/wikipedia/commons/thumb/4/47/Bun_thit_nuong.jpg/120px-Bun_thit_nuong.jpg,"[""https://upload.wikimedia.org/wikipedia/commons/thumb/4/47/Bun_thit_nuong.jpg/120px-Bun_thit_nuong.jpg""]",Bún ăn với thịt nướng cùng nước mắm và rau sống kiểu Huế. [ 1 ] [ 4 ] [ 6 ],Bún ăn với thịt nướng cùng nước mắm và rau sống kiểu Huế. [ 1 ] [ 4 ] [ 6 ],,,,,0,Huế,Bún khô,Dạng sợi ( bún / mì các loại)
Bún thang,f16c8f84-d19a-4a37-bdff-d7c07c283b6b,97a6dbe2-3e11-4e93-b238-5648a1fc93aa,https://upload.wikimedia.org/wikipedia/commons/thumb/6/64/B%C3%BAn_thang.JPG/120px-B%C3%BAn_thang.JPG,"Bún ăn với nước dùng và cần đến 20 nguyên liệu: rau răm, mùi tàu, trứng gà rán mỏng, lườn gà xé, giò lụa thái sợi rải đều trên nền bún trắng. Bún phải là loại bún sợi nhỏ. Trên rắc tôm bông và rải vài lát lạp xường.",https://upload.wikimedia.org/wikipedia/commons/thumb/6/64/B%C3%BAn_thang.JPG/120px-B%C3%BAn_thang.JPG,"[""https://upload.wikimedia.org/wikipedia/commons/thumb/6/64/B%C3%BAn_thang.JPG/120px-B%C3%BAn_thang.JPG""]","Bún ăn với nước dùng và cần đến 20 nguyên liệu: rau răm, mùi tàu, trứng gà rán mỏng, lườn gà xé, giò lụa thái sợi rải đề","Bún ăn với nước dùng và cần đến 20 nguyên liệu: rau răm, mùi tàu, trứng gà rán mỏng, lườn gà xé, giò lụa thái sợi rải đều trên nền bún trắng. Bún phải là loại bún sợi nhỏ. Trên rắc tôm bông và rải vài lát lạp xường.",,,,,0,Hà Nội,Bún nước,Dạng sợi ( bún / mì các loại)
Cao lầu,f16c8f84-d19a-4a37-bdff-d7c07c283b6b,66b404d0-b35f-4bed-aaf8-2243aa601501,https://upload.wikimedia.org/wikipedia/commons/thumb/c/c5/Cao_l%E1%BA%A7u.jpg/120px-Cao_l%E1%BA%A7u.jpg,Đặc sản của Hội An với sợi mì được chế biến rất công phu ăn cùng giá đỗ và thịt xá xíu,https://upload.wikimedia.org/wikipedia/commons/thumb/c/c5/Cao_l%E1%BA%A7u.jpg/120px-Cao_l%E1%BA%A7u.jpg,"[""https://upload.wikimedia.org/wikipedia/commons/thumb/c/c5/Cao_l%E1%BA%A7u.jpg/120px-Cao_l%E1%BA%A7u.jpg""]",Đặc sản của Hội An với sợi mì được chế biến rất công phu ăn cùng giá đỗ và thịt xá xíu,Đặc sản của Hội An với sợi mì được chế biến rất công phu ăn cùng giá đỗ và thịt xá xíu,,,,,0,Quảng Nam,Mì khô,Dạng sợi ( bún / mì các loại)
Hủ tiếu,f16c8f84-d19a-4a37-bdff-d7c07c283b6b,51eb38d6-9728-4d90-b7fe-c2f8236144a2,https://upload.wikimedia.org/wikipedia/commons/thumb/c/c9/Hu-Tieu-Kho-2008.jpg/120px-Hu-Tieu-Kho-2008.jpg,"Bánh hủ tiếu chan nước dùng với thịt băm nhỏ, lòng heo nấu cùng. Sau đó trụng sơ bánh hủ tiếu với nước dùng, rồi cho các nguyên liệu phụ vào như giá đỗ, hẹ, thịt băm cùng lòng lợn vào",https://upload.wikimedia.org/wikipedia/commons/thumb/c/c9/Hu-Tieu-Kho-2008.jpg/120px-Hu-Tieu-Kho-2008.jpg,"[""https://upload.wikimedia.org/wikipedia/commons/thumb/c/c9/Hu-Tieu-Kho-2008.jpg/120px-Hu-Tieu-Kho-2008.jpg""]","Bánh hủ tiếu chan nước dùng với thịt băm nhỏ, lòng heo nấu cùng. Sau đó trụng sơ bánh hủ tiếu với nước dùng, rồi cho các","Bánh hủ tiếu chan nước dùng với thịt băm nhỏ, lòng heo nấu cùng. Sau đó trụng sơ bánh hủ tiếu với nước dùng, rồi cho các nguyên liệu phụ vào như giá đỗ, hẹ, thịt băm cùng lòng lợn vào",,,,,0,Miền Nam,"Mì khô, mì nước",Dạng sợi ( bún / mì các loại)
Mì Quảng,f16c8f84-d19a-4a37-bdff-d7c07c283b6b,66b404d0-b35f-4bed-aaf8-2243aa601501,https://upload.wikimedia.org/wikipedia/commons/thumb/c/c7/M%C3%AC_Qu%E1%BA%A3ng.jpg/120px-M%C3%AC_Qu%E1%BA%A3ng.jpg,"Được làm từ sợi mì bằng bột gạo xay mịn và tráng thành từng lớp bánh mỏng, sau đó thái theo chiều ngang để có những sợi mì mỏng khoảng 2mm. Sợi mì làm bằng bột mỳ được trộn thêm một số phụ gia cho đạt độ dòn, dai. Dưới lớp mì là các loại rau sống, trên mì là thịt heo nạc, tôm, thịt gà cùng với nước dùng",https://upload.wikimedia.org/wikipedia/commons/thumb/c/c7/M%C3%AC_Qu%E1%BA%A3ng.jpg/120px-M%C3%AC_Qu%E1%BA%A3ng.jpg,"[""https://upload.wikimedia.org/wikipedia/commons/thumb/c/c7/M%C3%AC_Qu%E1%BA%A3ng.jpg/120px-M%C3%AC_Qu%E1%BA%A3ng.jpg""]","Được làm từ sợi mì bằng bột gạo xay mịn và tráng thành từng lớp bánh mỏng, sau đó thái theo chiều ngang để có những sợi ","Được làm từ sợi mì bằng bột gạo xay mịn và tráng thành từng lớp bánh mỏng, sau đó thái theo chiều ngang để có những sợi mì mỏng khoảng 2mm. Sợi mì làm bằng bột mỳ được trộn thêm một số phụ gia cho đạt độ dòn, dai. Dưới lớp mì là các loại rau sống, trên mì là thịt heo nạc, tôm, thịt gà cùng với nước dùng",,,,,0,Quảng Nam,Bánh tráng,Dạng sợi ( bún / mì các loại)
Mì xào,f16c8f84-d19a-4a37-bdff-d7c07c283b6b,096cb2da-4203-4c2b-a0b6-c26377e0b9a0,https://upload.wikimedia.org/wikipedia/commons/thumb/2/25/InstantNoodles.JPG/120px-InstantNoodles.JPG,"Mì xào chín giòn với trứng, thịt, rau, hải sản...",https://upload.wikimedia.org/wikipedia/commons/thumb/2/25/InstantNoodles.JPG/120px-InstantNoodles.JPG,"[""https://upload.wikimedia.org/wikipedia/commons/thumb/2/25/InstantNoodles.JPG/120px-InstantNoodles.JPG""]","Mì xào chín giòn với trứng, thịt, rau, hải sản...","Mì xào chín giòn với trứng, thịt, rau, hải sản...",,,,,0,Khắp cả nước,Mì,Dạng sợi ( bún / mì các loại)
Mì xào giòn,f16c8f84-d19a-4a37-bdff-d7c07c283b6b,096cb2da-4203-4c2b-a0b6-c26377e0b9a0,https://upload.wikimedia.org/wikipedia/commons/thumb/b/ba/Wok_cooking.jpg/120px-Wok_cooking.jpg,"Mì trứng chiên giòn, phủ hải sản, rau và nước sốt",https://upload.wikimedia.org/wikipedia/commons/thumb/b/ba/Wok_cooking.jpg/120px-Wok_cooking.jpg,"[""https://upload.wikimedia.org/wikipedia/commons/thumb/b/ba/Wok_cooking.jpg/120px-Wok_cooking.jpg""]","Mì trứng chiên giòn, phủ hải sản, rau và nước sốt","Mì trứng chiên giòn, phủ hải sản, rau và nước sốt",,,,,0,Khắp cả nước,Mì,Dạng sợi ( bún / mì các loại)
Miến lươn,f16c8f84-d19a-4a37-bdff-d7c07c283b6b,35ea6040-38f2-42f8-89a8-de4e34f30f35,https://upload.wikimedia.org/wikipedia/commons/thumb/d/d7/Mien_luon_Hang_Dieu.JPG/120px-Mien_luon_Hang_Dieu.JPG,Được nấu từ miến với thịt lươn có hai dạng: dạng miến lươn khô và miến lươn nước nấu nước dùng là nước xương,https://upload.wikimedia.org/wikipedia/commons/thumb/d/d7/Mien_luon_Hang_Dieu.JPG/120px-Mien_luon_Hang_Dieu.JPG,"[""https://upload.wikimedia.org/wikipedia/commons/thumb/d/d7/Mien_luon_Hang_Dieu.JPG/120px-Mien_luon_Hang_Dieu.JPG""]",Được nấu từ miến với thịt lươn có hai dạng: dạng miến lươn khô và miến lươn nước nấu nước dùng là nước xương,Được nấu từ miến với thịt lươn có hai dạng: dạng miến lươn khô và miến lươn nước nấu nước dùng là nước xương,,,,,0,Nghệ An,Miến,Dạng sợi ( bún / mì các loại)
Miến trộn,f16c8f84-d19a-4a37-bdff-d7c07c283b6b,096cb2da-4203-4c2b-a0b6-c26377e0b9a0,https://upload.wikimedia.org/wikipedia/commons/thumb/5/58/Mi%E1%BA%BFn_cua.jpg/120px-Mi%E1%BA%BFn_cua.jpg,"Miến được xào hoặc chần qua, trộn với tôm hoặc cua, nêm gia vị chua ngọt và cay",https://upload.wikimedia.org/wikipedia/commons/thumb/5/58/Mi%E1%BA%BFn_cua.jpg/120px-Mi%E1%BA%BFn_cua.jpg,"[""https://upload.wikimedia.org/wikipedia/commons/thumb/5/58/Mi%E1%BA%BFn_cua.jpg/120px-Mi%E1%BA%BFn_cua.jpg""]","Miến được xào hoặc chần qua, trộn với tôm hoặc cua, nêm gia vị chua ngọt và cay","Miến được xào hoặc chần qua, trộn với tôm hoặc cua, nêm gia vị chua ngọt và cay",,,,,0,Khắp cả nước,Miến,Dạng sợi ( bún / mì các loại)
Phở,f16c8f84-d19a-4a37-bdff-d7c07c283b6b,97a6dbe2-3e11-4e93-b238-5648a1fc93aa,https://upload.wikimedia.org/wikipedia/commons/thumb/9/96/Pho-Beef-Noodle-Soup-2008.jpg/120px-Pho-Beef-Noodle-Soup-2008.jpg,"Là một trong những món ăn đặc trưng nhất cho ẩm thực Việt Nam. Thành phần chính của phở là bánh phở và nước dùng (hay nước lèo theo cách gọi miền Nam) cùng với thịt bò hoặc gà cắt lát mỏng. Ngoài ra còn kèm theo các gia vị như: tương, tiêu, chanh, nước mắm, ớt,... [ 5 ]",https://upload.wikimedia.org/wikipedia/commons/thumb/9/96/Pho-Beef-Noodle-Soup-2008.jpg/120px-Pho-Beef-Noodle-Soup-2008.jpg,"[""https://upload.wikimedia.org/wikipedia/commons/thumb/9/96/Pho-Beef-Noodle-Soup-2008.jpg/120px-Pho-Beef-Noodle-Soup-2008.jpg""]",Là một trong những món ăn đặc trưng nhất cho ẩm thực Việt Nam. Thành phần chính của phở là bánh phở và nước dùng (hay nư,"Là một trong những món ăn đặc trưng nhất cho ẩm thực Việt Nam. Thành phần chính của phở là bánh phở và nước dùng (hay nước lèo theo cách gọi miền Nam) cùng với thịt bò hoặc gà cắt lát mỏng. Ngoài ra còn kèm theo các gia vị như: tương, tiêu, chanh, nước mắm, ớt,... [ 5 ]",,,,,0,"Hà Nội , Nam Định",Phở,Dạng sợi ( bún / mì các loại)
Cơm bụi Cơm đĩa,8207dd68-dc15-4c3b-8585-8eed81806619,096cb2da-4203-4c2b-a0b6-c26377e0b9a0,https://upload.wikimedia.org/wikipedia/commons/thumb/f/fe/C%C6%A1m_th%E1%BA%ADp_c%E1%BA%A9m.jpg/120px-C%C6%A1m_th%E1%BA%ADp_c%E1%BA%A9m.jpg,"Cơm bình dân với nhiều món ăn đa dạng, phong phú. Thông thường thực đơn sẽ bao gồm một dĩa cơm và một phần thức ăn theo lựa chọn, một bát canh.",https://upload.wikimedia.org/wikipedia/commons/thumb/f/fe/C%C6%A1m_th%E1%BA%ADp_c%E1%BA%A9m.jpg/120px-C%C6%A1m_th%E1%BA%ADp_c%E1%BA%A9m.jpg,"[""https://upload.wikimedia.org/wikipedia/commons/thumb/f/fe/C%C6%A1m_th%E1%BA%ADp_c%E1%BA%A9m.jpg/120px-C%C6%A1m_th%E1%BA%ADp_c%E1%BA%A9m.jpg""]","Cơm bình dân với nhiều món ăn đa dạng, phong phú. Thông thường thực đơn sẽ bao gồm một dĩa cơm và một phần thức ăn theo ","Cơm bình dân với nhiều món ăn đa dạng, phong phú. Thông thường thực đơn sẽ bao gồm một dĩa cơm và một phần thức ăn theo lựa chọn, một bát canh.",,,,,0,Khắp cả nước,Cơm tẻ,Cơm
Cơm cháy Ninh Bình Cơm cháy hải sản,8207dd68-dc15-4c3b-8585-8eed81806619,794fd494-0824-4b3c-b460-b4c9d4102c3f,https://upload.wikimedia.org/wikipedia/commons/thumb/4/4e/C%C6%A1m_ch%C3%A1y_Ninh_B%C3%ACnh.JPG/120px-C%C6%A1m_ch%C3%A1y_Ninh_B%C3%ACnh.JPG,"Cơm cháy là phần cơm dưới đáy nồi khi nấu cơm thường chín vàng giòn, cơm cháy lấy ra xong phải phơi nắng tự nhiên hai, ba nắng, để chỗ thoáng, tránh ẩm mốc, lúc gần ăn mới chiên giòn",https://upload.wikimedia.org/wikipedia/commons/thumb/4/4e/C%C6%A1m_ch%C3%A1y_Ninh_B%C3%ACnh.JPG/120px-C%C6%A1m_ch%C3%A1y_Ninh_B%C3%ACnh.JPG,"[""https://upload.wikimedia.org/wikipedia/commons/thumb/4/4e/C%C6%A1m_ch%C3%A1y_Ninh_B%C3%ACnh.JPG/120px-C%C6%A1m_ch%C3%A1y_Ninh_B%C3%ACnh.JPG""]","Cơm cháy là phần cơm dưới đáy nồi khi nấu cơm thường chín vàng giòn, cơm cháy lấy ra xong phải phơi nắng tự nhiên hai, b","Cơm cháy là phần cơm dưới đáy nồi khi nấu cơm thường chín vàng giòn, cơm cháy lấy ra xong phải phơi nắng tự nhiên hai, ba nắng, để chỗ thoáng, tránh ẩm mốc, lúc gần ăn mới chiên giòn",,,,,0,"Ninh Bình , Hải Phòng",Cơm tẻ,Cơm
Cơm hến,8207dd68-dc15-4c3b-8585-8eed81806619,6fc8742d-40d6-43f9-9fd1-f497b4f62ddc,https://upload.wikimedia.org/wikipedia/commons/thumb/5/5c/H%E1%BA%BFn_tr%E1%BB%99n.jpg/120px-H%E1%BA%BFn_tr%E1%BB%99n.jpg,"Cơm nguội trộn với hến luộc, nước hến, mắm ruốc, rau bắp cải, tóp mỡ, bánh tráng nướng, mì xào giòn, ớt màu, đậu phộng nguyên hạt, dầu ăn chín, tiêu và muối",https://upload.wikimedia.org/wikipedia/commons/thumb/5/5c/H%E1%BA%BFn_tr%E1%BB%99n.jpg/120px-H%E1%BA%BFn_tr%E1%BB%99n.jpg,"[""https://upload.wikimedia.org/wikipedia/commons/thumb/5/5c/H%E1%BA%BFn_tr%E1%BB%99n.jpg/120px-H%E1%BA%BFn_tr%E1%BB%99n.jpg""]","Cơm nguội trộn với hến luộc, nước hến, mắm ruốc, rau bắp cải, tóp mỡ, bánh tráng nướng, mì xào giòn, ớt màu, đậu phộng n","Cơm nguội trộn với hến luộc, nước hến, mắm ruốc, rau bắp cải, tóp mỡ, bánh tráng nướng, mì xào giòn, ớt màu, đậu phộng nguyên hạt, dầu ăn chín, tiêu và muối",,,,,0,Huế,Cơm tẻ,Cơm
Cơm gà Quảng Nam,8207dd68-dc15-4c3b-8585-8eed81806619,66b404d0-b35f-4bed-aaf8-2243aa601501,https://upload.wikimedia.org/wikipedia/commons/thumb/8/89/C%C6%A1m_g%C3%A0_Tam_K%E1%BB%B3%2C_Qu%E1%BA%A3ng_Nam.JPG/120px-C%C6%A1m_g%C3%A0_Tam_K%E1%BB%B3%2C_Qu%E1%BA%A3ng_Nam.JPG,Cơm tẻ chín tới ăn với gà luộc rưới nước dùng gà,https://upload.wikimedia.org/wikipedia/commons/thumb/8/89/C%C6%A1m_g%C3%A0_Tam_K%E1%BB%B3%2C_Qu%E1%BA%A3ng_Nam.JPG/120px-C%C6%A1m_g%C3%A0_Tam_K%E1%BB%B3%2C_Qu%E1%BA%A3ng_Nam.JPG,"[""https://upload.wikimedia.org/wikipedia/commons/thumb/8/89/C%C6%A1m_g%C3%A0_Tam_K%E1%BB%B3%2C_Qu%E1%BA%A3ng_Nam.JPG/120px-C%C6%A1m_g%C3%A0_Tam_K%E1%BB%B3%2C_Qu%E1%BA%A3ng_Nam.JPG""]",Cơm tẻ chín tới ăn với gà luộc rưới nước dùng gà,Cơm tẻ chín tới ăn với gà luộc rưới nước dùng gà,,,,,0,Quảng Nam,Cơm tẻ,Cơm
Cơm lam,8207dd68-dc15-4c3b-8585-8eed81806619,0439b7ef-0eef-44d0-a527-8802d1694076,https://upload.wikimedia.org/wikipedia/vi/thumb/3/3c/Comlam.jpg/120px-Comlam.jpg,"Được làm từ gạo nếp cùng một số nguyên liệu khác, cho vào ống tre, giang, nứa và nướng chín trên lửa",https://upload.wikimedia.org/wikipedia/vi/thumb/3/3c/Comlam.jpg/120px-Comlam.jpg,"[""https://upload.wikimedia.org/wikipedia/vi/thumb/3/3c/Comlam.jpg/120px-Comlam.jpg""]","Được làm từ gạo nếp cùng một số nguyên liệu khác, cho vào ống tre, giang, nứa và nướng chín trên lửa","Được làm từ gạo nếp cùng một số nguyên liệu khác, cho vào ống tre, giang, nứa và nướng chín trên lửa",,,,,0,"Trung du và miền núi phía Bắc , Tây Nguyên",Cơm nếp,Cơm
Cơm nắm,8207dd68-dc15-4c3b-8585-8eed81806619,c6ef84fe-e7ac-41b0-b338-1d0775331eb1,https://upload.wikimedia.org/wikipedia/commons/thumb/8/8c/Rice_balls_to_freeze.jpg/120px-Rice_balls_to_freeze.jpg,"Là món ăn có từ rất xa xưa của dân tộc. Cơm trắng nóng hổi đem nén chặt thành tấm bằng hai bàn tay rồi xắt miếng chấm với muối vừng vừa dẻo vừa bùi hài hòa vị mặn, ngọt.",https://upload.wikimedia.org/wikipedia/commons/thumb/8/8c/Rice_balls_to_freeze.jpg/120px-Rice_balls_to_freeze.jpg,"[""https://upload.wikimedia.org/wikipedia/commons/thumb/8/8c/Rice_balls_to_freeze.jpg/120px-Rice_balls_to_freeze.jpg""]",Là món ăn có từ rất xa xưa của dân tộc. Cơm trắng nóng hổi đem nén chặt thành tấm bằng hai bàn tay rồi xắt miếng chấm vớ,"Là món ăn có từ rất xa xưa của dân tộc. Cơm trắng nóng hổi đem nén chặt thành tấm bằng hai bàn tay rồi xắt miếng chấm với muối vừng vừa dẻo vừa bùi hài hòa vị mặn, ngọt.",,,,,0,Miền Bắc,Cơm tẻ,Cơm
Cơm nếp,8207dd68-dc15-4c3b-8585-8eed81806619,096cb2da-4203-4c2b-a0b6-c26377e0b9a0,https://upload.wikimedia.org/wikipedia/commons/thumb/d/d5/Steamed_glutinous_rice_2.gif/120px-Steamed_glutinous_rice_2.gif,"Được nấu bằng gạo nếp, khác biệt với xôi chủ yếu ở phương thức nấu trực tiếp trong nước, không làm chín bằng hơi nước.",https://upload.wikimedia.org/wikipedia/commons/thumb/d/d5/Steamed_glutinous_rice_2.gif/120px-Steamed_glutinous_rice_2.gif,"[""https://upload.wikimedia.org/wikipedia/commons/thumb/d/d5/Steamed_glutinous_rice_2.gif/120px-Steamed_glutinous_rice_2.gif""]","Được nấu bằng gạo nếp, khác biệt với xôi chủ yếu ở phương thức nấu trực tiếp trong nước, không làm chín bằng hơi nước.","Được nấu bằng gạo nếp, khác biệt với xôi chủ yếu ở phương thức nấu trực tiếp trong nước, không làm chín bằng hơi nước.",,,,,0,Khắp cả nước,Cơm nếp,Cơm
Cơm rang,8207dd68-dc15-4c3b-8585-8eed81806619,096cb2da-4203-4c2b-a0b6-c26377e0b9a0,https://upload.wikimedia.org/wikipedia/commons/thumb/b/b8/Comchienchabong.jpg/120px-Comchienchabong.jpg,"Cơm cùng với dầu ăn hoặc mỡ được chiên với những thức ăn khác như thịt, trứng... Món ăn cực kỳ phổ biến tại Việt Nam",https://upload.wikimedia.org/wikipedia/commons/thumb/b/b8/Comchienchabong.jpg/120px-Comchienchabong.jpg,"[""https://upload.wikimedia.org/wikipedia/commons/thumb/b/b8/Comchienchabong.jpg/120px-Comchienchabong.jpg""]","Cơm cùng với dầu ăn hoặc mỡ được chiên với những thức ăn khác như thịt, trứng... Món ăn cực kỳ phổ biến tại Việt Nam","Cơm cùng với dầu ăn hoặc mỡ được chiên với những thức ăn khác như thịt, trứng... Món ăn cực kỳ phổ biến tại Việt Nam",,,,,0,Khắp cả nước,Cơm tẻ,Cơm
Cơm tấm,8207dd68-dc15-4c3b-8585-8eed81806619,27e0cdab-29f3-4d4a-8625-cf9f82a9636e,https://upload.wikimedia.org/wikipedia/commons/thumb/8/8e/Com-Tam-2008.jpg/120px-Com-Tam-2008.jpg,"Cơm tấm có thể gồm cả sườn, bì, chả, trứng hoặc không gồm đầy đủ các món trên nhưng phải có nước mắm ngọt",https://upload.wikimedia.org/wikipedia/commons/thumb/8/8e/Com-Tam-2008.jpg/120px-Com-Tam-2008.jpg,"[""https://upload.wikimedia.org/wikipedia/commons/thumb/8/8e/Com-Tam-2008.jpg/120px-Com-Tam-2008.jpg""]","Cơm tấm có thể gồm cả sườn, bì, chả, trứng hoặc không gồm đầy đủ các món trên nhưng phải có nước mắm ngọt","Cơm tấm có thể gồm cả sườn, bì, chả, trứng hoặc không gồm đầy đủ các món trên nhưng phải có nước mắm ngọt",,,,,0,Miền Nam ( Thành phố Hồ Chí Minh ),Cơm tấm (gạo tẻ vụn),Cơm
Cơm trắng,8207dd68-dc15-4c3b-8585-8eed81806619,096cb2da-4203-4c2b-a0b6-c26377e0b9a0,https://upload.wikimedia.org/wikipedia/commons/thumb/3/39/Meshi.jpg/120px-Meshi.jpg,"Được làm ra từ gạo bằng cách đem nấu với một lượng vừa đủ nước, chỉ có nguyên liệu là gạo tẻ và không có thêm gia vị, là thức ăn gần như hàng ngày của người Việt",https://upload.wikimedia.org/wikipedia/commons/thumb/3/39/Meshi.jpg/120px-Meshi.jpg,"[""https://upload.wikimedia.org/wikipedia/commons/thumb/3/39/Meshi.jpg/120px-Meshi.jpg""]","Được làm ra từ gạo bằng cách đem nấu với một lượng vừa đủ nước, chỉ có nguyên liệu là gạo tẻ và không có thêm gia vị, là","Được làm ra từ gạo bằng cách đem nấu với một lượng vừa đủ nước, chỉ có nguyên liệu là gạo tẻ và không có thêm gia vị, là thức ăn gần như hàng ngày của người Việt",,,,,0,Khắp cả nước,Cơm tẻ,Cơm
Cơm rượu,8207dd68-dc15-4c3b-8585-8eed81806619,096cb2da-4203-4c2b-a0b6-c26377e0b9a0,https://upload.wikimedia.org/wikipedia/commons/thumb/e/e3/Comruou.jpg/120px-Comruou.jpg,"Món ăn có cồn không qua chưng cất, được chế biến từ gạo nếp đồ chín thành xôi, để nguội và ủ với men rượu cho lên men",https://upload.wikimedia.org/wikipedia/commons/thumb/e/e3/Comruou.jpg/120px-Comruou.jpg,"[""https://upload.wikimedia.org/wikipedia/commons/thumb/e/e3/Comruou.jpg/120px-Comruou.jpg""]","Món ăn có cồn không qua chưng cất, được chế biến từ gạo nếp đồ chín thành xôi, để nguội và ủ với men rượu cho lên men","Món ăn có cồn không qua chưng cất, được chế biến từ gạo nếp đồ chín thành xôi, để nguội và ủ với men rượu cho lên men",,,,,0,Khắp cả nước,Cơm nếp,Cơm
Cá kho,b80b73b6-5628-4160-8bdd-a4db45d7e5ca,096cb2da-4203-4c2b-a0b6-c26377e0b9a0,https://upload.wikimedia.org/wikipedia/commons/thumb/7/7c/C%C3%A1_kho_t%E1%BB%99%2C_c%C3%A1_h%C3%BA.jpg/120px-C%C3%A1_kho_t%E1%BB%99%2C_c%C3%A1_h%C3%BA.jpg,"Cá chế biến bằng cách kho với nước hàng , vị chua, vị ngọt và nước mắm",https://upload.wikimedia.org/wikipedia/commons/thumb/7/7c/C%C3%A1_kho_t%E1%BB%99%2C_c%C3%A1_h%C3%BA.jpg/120px-C%C3%A1_kho_t%E1%BB%99%2C_c%C3%A1_h%C3%BA.jpg,"[""https://upload.wikimedia.org/wikipedia/commons/thumb/7/7c/C%C3%A1_kho_t%E1%BB%99%2C_c%C3%A1_h%C3%BA.jpg/120px-C%C3%A1_kho_t%E1%BB%99%2C_c%C3%A1_h%C3%BA.jpg""]","Cá chế biến bằng cách kho với nước hàng , vị chua, vị ngọt và nước mắm","Cá chế biến bằng cách kho với nước hàng , vị chua, vị ngọt và nước mắm",,,,,0,Khắp cả nước,Món cá,Món thường ngày
Cá khô,b80b73b6-5628-4160-8bdd-a4db45d7e5ca,096cb2da-4203-4c2b-a0b6-c26377e0b9a0,https://upload.wikimedia.org/wikipedia/commons/thumb/7/7e/Sardinas_salaz%C3%B3n-2009.jpg/120px-Sardinas_salaz%C3%B3n-2009.jpg,"Cá tươi đem bỏ ruột, để nguyên con, xẻ đôi, rồi đem phơi khô ngoài nắng. Trước khi phơi có khi cá được xát muối để giúp việc bảo quản. Cá thu và cá thiều khô được nhiều người ưa chuộng.",https://upload.wikimedia.org/wikipedia/commons/thumb/7/7e/Sardinas_salaz%C3%B3n-2009.jpg/120px-Sardinas_salaz%C3%B3n-2009.jpg,"[""https://upload.wikimedia.org/wikipedia/commons/thumb/7/7e/Sardinas_salaz%C3%B3n-2009.jpg/120px-Sardinas_salaz%C3%B3n-2009.jpg""]","Cá tươi đem bỏ ruột, để nguyên con, xẻ đôi, rồi đem phơi khô ngoài nắng. Trước khi phơi có khi cá được xát muối để giúp ","Cá tươi đem bỏ ruột, để nguyên con, xẻ đôi, rồi đem phơi khô ngoài nắng. Trước khi phơi có khi cá được xát muối để giúp việc bảo quản. Cá thu và cá thiều khô được nhiều người ưa chuộng.",,,,,0,Khắp cả nước,Đồ khô,Món thường ngày
Chả,b80b73b6-5628-4160-8bdd-a4db45d7e5ca,096cb2da-4203-4c2b-a0b6-c26377e0b9a0,https://upload.wikimedia.org/wikipedia/commons/thumb/e/e2/Bun_Cha.jpg/120px-Bun_Cha.jpg,"Miếng thịt lợn, thịt bò, cá, tôm, mực..., kích thước thích hợp, nguyên miếng (chả miếng) hay là được băm viên (chả viên), giã hay xay nhuyễn rồi rán hoặc nướng.",https://upload.wikimedia.org/wikipedia/commons/thumb/e/e2/Bun_Cha.jpg/120px-Bun_Cha.jpg,"[""https://upload.wikimedia.org/wikipedia/commons/thumb/e/e2/Bun_Cha.jpg/120px-Bun_Cha.jpg""]","Miếng thịt lợn, thịt bò, cá, tôm, mực..., kích thước thích hợp, nguyên miếng (chả miếng) hay là được băm viên (chả viên)","Miếng thịt lợn, thịt bò, cá, tôm, mực..., kích thước thích hợp, nguyên miếng (chả miếng) hay là được băm viên (chả viên), giã hay xay nhuyễn rồi rán hoặc nướng.",,,,,0,Khắp cả nước,Món thịt,Món thường ngày
Dồi,b80b73b6-5628-4160-8bdd-a4db45d7e5ca,096cb2da-4203-4c2b-a0b6-c26377e0b9a0,https://upload.wikimedia.org/wikipedia/commons/thumb/3/34/D%E1%BB%93i.jpg/120px-D%E1%BB%93i.jpg,"Lòng già được nhồi đầy hỗn hợp gồm tiết và các loại rau, gia vị, tỏi, lạc và đậu xanh. Sau khi nhồi đầy chặt thì được hấp cách thủy cho chín hoặc nướng.",https://upload.wikimedia.org/wikipedia/commons/thumb/3/34/D%E1%BB%93i.jpg/120px-D%E1%BB%93i.jpg,"[""https://upload.wikimedia.org/wikipedia/commons/thumb/3/34/D%E1%BB%93i.jpg/120px-D%E1%BB%93i.jpg""]","Lòng già được nhồi đầy hỗn hợp gồm tiết và các loại rau, gia vị, tỏi, lạc và đậu xanh. Sau khi nhồi đầy chặt thì được hấ","Lòng già được nhồi đầy hỗn hợp gồm tiết và các loại rau, gia vị, tỏi, lạc và đậu xanh. Sau khi nhồi đầy chặt thì được hấp cách thủy cho chín hoặc nướng.",,,,,0,Khắp cả nước,Phủ tạng,Món thường ngày
Dưa muối,b80b73b6-5628-4160-8bdd-a4db45d7e5ca,096cb2da-4203-4c2b-a0b6-c26377e0b9a0,https://upload.wikimedia.org/wikipedia/commons/thumb/6/62/D%C6%B0a_mu%E1%BB%91i.JPG/120px-D%C6%B0a_mu%E1%BB%91i.JPG,"Sử dụng rất đa dạng các loại rau, củ, quả phối trộn với muối theo một tỉ lệ nhất định theo kinh nghiệm của người ẩm thực không quá mặn cũng không quá nhạt.",https://upload.wikimedia.org/wikipedia/commons/thumb/6/62/D%C6%B0a_mu%E1%BB%91i.JPG/120px-D%C6%B0a_mu%E1%BB%91i.JPG,"[""https://upload.wikimedia.org/wikipedia/commons/thumb/6/62/D%C6%B0a_mu%E1%BB%91i.JPG/120px-D%C6%B0a_mu%E1%BB%91i.JPG""]","Sử dụng rất đa dạng các loại rau, củ, quả phối trộn với muối theo một tỉ lệ nhất định theo kinh nghiệm của người ẩm thực","Sử dụng rất đa dạng các loại rau, củ, quả phối trộn với muối theo một tỉ lệ nhất định theo kinh nghiệm của người ẩm thực không quá mặn cũng không quá nhạt.",,,,,0,Khắp cả nước,Lên men,Món thường ngày
Giò,b80b73b6-5628-4160-8bdd-a4db45d7e5ca,096cb2da-4203-4c2b-a0b6-c26377e0b9a0,https://upload.wikimedia.org/wikipedia/commons/thumb/1/1f/Gio_lua_2.jpg/120px-Gio_lua_2.jpg,"Giò là thịt (gia súc, gia cầm) giã nhuyễn, được gói chặt và luộc chín trong nước, thịnh hành trong ẩm thực Việt Nam với nhiều biến thể",https://upload.wikimedia.org/wikipedia/commons/thumb/1/1f/Gio_lua_2.jpg/120px-Gio_lua_2.jpg,"[""https://upload.wikimedia.org/wikipedia/commons/thumb/1/1f/Gio_lua_2.jpg/120px-Gio_lua_2.jpg""]","Giò là thịt (gia súc, gia cầm) giã nhuyễn, được gói chặt và luộc chín trong nước, thịnh hành trong ẩm thực Việt Nam với ","Giò là thịt (gia súc, gia cầm) giã nhuyễn, được gói chặt và luộc chín trong nước, thịnh hành trong ẩm thực Việt Nam với nhiều biến thể",,,,,0,Khắp cả nước,Món thịt,Món thường ngày
Kho quẹt,b80b73b6-5628-4160-8bdd-a4db45d7e5ca,51eb38d6-9728-4d90-b7fe-c2f8236144a2,,,,[],,,,,,,0,,,Món thường ngày
Mắm chưng,b80b73b6-5628-4160-8bdd-a4db45d7e5ca,51eb38d6-9728-4d90-b7fe-c2f8236144a2,,,,[],,,,,,,0,,,Món thường ngày
Lòng non Tràng,b80b73b6-5628-4160-8bdd-a4db45d7e5ca,096cb2da-4203-4c2b-a0b6-c26377e0b9a0,https://upload.wikimedia.org/wikipedia/commons/thumb/4/49/Tr%C3%A0ng_l%E1%BB%A3n_lu%E1%BB%99c.jpg/120px-Tr%C3%A0ng_l%E1%BB%A3n_lu%E1%BB%99c.jpg,Lòng lợn non luộc chín hoặc xào,https://upload.wikimedia.org/wikipedia/commons/thumb/4/49/Tr%C3%A0ng_l%E1%BB%A3n_lu%E1%BB%99c.jpg/120px-Tr%C3%A0ng_l%E1%BB%A3n_lu%E1%BB%99c.jpg,"[""https://upload.wikimedia.org/wikipedia/commons/thumb/4/49/Tr%C3%A0ng_l%E1%BB%A3n_lu%E1%BB%99c.jpg/120px-Tr%C3%A0ng_l%E1%BB%A3n_lu%E1%BB%99c.jpg""]",Lòng lợn non luộc chín hoặc xào,Lòng lợn non luộc chín hoặc xào,,,,,0,Khắp cả nước,Phủ tạng,Món thường ngày
Rau muống xào tỏi,b80b73b6-5628-4160-8bdd-a4db45d7e5ca,096cb2da-4203-4c2b-a0b6-c26377e0b9a0,https://upload.wikimedia.org/wikipedia/commons/thumb/c/c5/Rau_mu%E1%BB%91ng_x%C3%A0o_t%E1%BB%8Fi.jpg/120px-Rau_mu%E1%BB%91ng_x%C3%A0o_t%E1%BB%8Fi.jpg,Rau muống luộc qua hoặc không xào trên lửa to với dầu (mỡ) và tỏi đập dập,https://upload.wikimedia.org/wikipedia/commons/thumb/c/c5/Rau_mu%E1%BB%91ng_x%C3%A0o_t%E1%BB%8Fi.jpg/120px-Rau_mu%E1%BB%91ng_x%C3%A0o_t%E1%BB%8Fi.jpg,"[""https://upload.wikimedia.org/wikipedia/commons/thumb/c/c5/Rau_mu%E1%BB%91ng_x%C3%A0o_t%E1%BB%8Fi.jpg/120px-Rau_mu%E1%BB%91ng_x%C3%A0o_t%E1%BB%8Fi.jpg""]",Rau muống luộc qua hoặc không xào trên lửa to với dầu (mỡ) và tỏi đập dập,Rau muống luộc qua hoặc không xào trên lửa to với dầu (mỡ) và tỏi đập dập,,,,,0,Khắp cả nước,Rau xào,Món thường ngày
Riêu Canh chua,b80b73b6-5628-4160-8bdd-a4db45d7e5ca,096cb2da-4203-4c2b-a0b6-c26377e0b9a0,https://upload.wikimedia.org/wikipedia/commons/thumb/a/a0/Canhchua2.jpg/120px-Canhchua2.jpg,"Các loại rau củ quả nấu với các loại thịt hay thủy sản khác nhau, trong đó dùng một gia vị chua để tạo vị chua thơm ngon cho nước canh",https://upload.wikimedia.org/wikipedia/commons/thumb/a/a0/Canhchua2.jpg/120px-Canhchua2.jpg,"[""https://upload.wikimedia.org/wikipedia/commons/thumb/a/a0/Canhchua2.jpg/120px-Canhchua2.jpg""]","Các loại rau củ quả nấu với các loại thịt hay thủy sản khác nhau, trong đó dùng một gia vị chua để tạo vị chua thơm ngon","Các loại rau củ quả nấu với các loại thịt hay thủy sản khác nhau, trong đó dùng một gia vị chua để tạo vị chua thơm ngon cho nước canh",,,,,0,Khắp cả nước,Canh,Món thường ngày
Ruốc Chà bông,b80b73b6-5628-4160-8bdd-a4db45d7e5ca,096cb2da-4203-4c2b-a0b6-c26377e0b9a0,https://upload.wikimedia.org/wikipedia/commons/thumb/f/f4/Fragrance_Pork_Floss.jpg/120px-Fragrance_Pork_Floss.jpg,"Chế biến từ thịt lợn nạc, thịt gà bỏ xương và da, cá rút xương, bỏ da hoặc tôm to rang chín rồi dùng chày giã dập, cho vào chảo tiếp tục rang, sấy thật nhỏ lửa",https://upload.wikimedia.org/wikipedia/commons/thumb/f/f4/Fragrance_Pork_Floss.jpg/120px-Fragrance_Pork_Floss.jpg,"[""https://upload.wikimedia.org/wikipedia/commons/thumb/f/f4/Fragrance_Pork_Floss.jpg/120px-Fragrance_Pork_Floss.jpg""]","Chế biến từ thịt lợn nạc, thịt gà bỏ xương và da, cá rút xương, bỏ da hoặc tôm to rang chín rồi dùng chày giã dập, cho v","Chế biến từ thịt lợn nạc, thịt gà bỏ xương và da, cá rút xương, bỏ da hoặc tôm to rang chín rồi dùng chày giã dập, cho vào chảo tiếp tục rang, sấy thật nhỏ lửa",,,,,0,Khắp cả nước,Món thịt,Món thường ngày
Thịt kho,b80b73b6-5628-4160-8bdd-a4db45d7e5ca,096cb2da-4203-4c2b-a0b6-c26377e0b9a0,https://upload.wikimedia.org/wikipedia/commons/thumb/6/60/Thit-kho-tieu-1.jpg/120px-Thit-kho-tieu-1.jpg,"Thịt lợn (luôn phải có mỡ, nếu không phải thêm mỡ hoặc dầu ăn) vào nồi đun cho tới chín, cho thêm nước mắm để có vị mặn nhạt theo sở thích",https://upload.wikimedia.org/wikipedia/commons/thumb/6/60/Thit-kho-tieu-1.jpg/120px-Thit-kho-tieu-1.jpg,"[""https://upload.wikimedia.org/wikipedia/commons/thumb/6/60/Thit-kho-tieu-1.jpg/120px-Thit-kho-tieu-1.jpg""]","Thịt lợn (luôn phải có mỡ, nếu không phải thêm mỡ hoặc dầu ăn) vào nồi đun cho tới chín, cho thêm nước mắm để có vị mặn ","Thịt lợn (luôn phải có mỡ, nếu không phải thêm mỡ hoặc dầu ăn) vào nồi đun cho tới chín, cho thêm nước mắm để có vị mặn nhạt theo sở thích",,,,,0,Khắp cả nước,Món thịt,Món thường ngày
Thịt kho Tàu,b80b73b6-5628-4160-8bdd-a4db45d7e5ca,096cb2da-4203-4c2b-a0b6-c26377e0b9a0,https://upload.wikimedia.org/wikipedia/commons/thumb/5/5b/Caramelized_Pork_and_Eggs.jpg/120px-Caramelized_Pork_and_Eggs.jpg,Thịt lợn (có mỡ) kho với trứng và nước dừa,https://upload.wikimedia.org/wikipedia/commons/thumb/5/5b/Caramelized_Pork_and_Eggs.jpg/120px-Caramelized_Pork_and_Eggs.jpg,"[""https://upload.wikimedia.org/wikipedia/commons/thumb/5/5b/Caramelized_Pork_and_Eggs.jpg/120px-Caramelized_Pork_and_Eggs.jpg""]",Thịt lợn (có mỡ) kho với trứng và nước dừa,Thịt lợn (có mỡ) kho với trứng và nước dừa,,,,,0,Khắp cả nước,Món thịt,Món thường ngày
Oản,f27da9a3-ef9f-42ec-bc23-64dd868be453,096cb2da-4203-4c2b-a0b6-c26377e0b9a0,,"Xôi trắng, đường cát hoặc bột bánh khảo đóng lại thành hình chóp cụt dùng để cúng Phật",,[],"Xôi trắng, đường cát hoặc bột bánh khảo đóng lại thành hình chóp cụt dùng để cúng Phật","Xôi trắng, đường cát hoặc bột bánh khảo đóng lại thành hình chóp cụt dùng để cúng Phật",,,,,0,Khắp cả nước,Xôi cúng,Xôi
Xôi chiên,f27da9a3-ef9f-42ec-bc23-64dd868be453,096cb2da-4203-4c2b-a0b6-c26377e0b9a0,https://upload.wikimedia.org/wikipedia/commons/thumb/c/c1/X%C3%B4i_chi%C3%AAn.JPG/120px-X%C3%B4i_chi%C3%AAn.JPG,"Xôi trắng ấn dẹt thành từng bánh rồi chiên ngập dầu, hoặc có thể chiên phồng thành dạng tròn xoay như hình cầu.",https://upload.wikimedia.org/wikipedia/commons/thumb/c/c1/X%C3%B4i_chi%C3%AAn.JPG/120px-X%C3%B4i_chi%C3%AAn.JPG,"[""https://upload.wikimedia.org/wikipedia/commons/thumb/c/c1/X%C3%B4i_chi%C3%AAn.JPG/120px-X%C3%B4i_chi%C3%AAn.JPG""]","Xôi trắng ấn dẹt thành từng bánh rồi chiên ngập dầu, hoặc có thể chiên phồng thành dạng tròn xoay như hình cầu.","Xôi trắng ấn dẹt thành từng bánh rồi chiên ngập dầu, hoặc có thể chiên phồng thành dạng tròn xoay như hình cầu.",,,,,0,Khắp cả nước,Xôi ăn chính,Xôi
Xôi đỗ xanh Xôi đậu xanh,f27da9a3-ef9f-42ec-bc23-64dd868be453,c6ef84fe-e7ac-41b0-b338-1d0775331eb1,https://upload.wikimedia.org/wikipedia/commons/thumb/f/f5/X%C3%B4i_%C4%91%E1%BB%97_xanh.jpg/120px-X%C3%B4i_%C4%91%E1%BB%97_xanh.jpg,"Đỗ xanh chà vỏ, ngâm nở và đãi bỏ vỏ (hoặc có thể để nguyên vỏ) trộn với gạo nếp và đồ chín. Đây là một loại xôi phổ biến và có rất nhiều loại xôi tương tự được chế biến với các loại đậu, đỗ",https://upload.wikimedia.org/wikipedia/commons/thumb/f/f5/X%C3%B4i_%C4%91%E1%BB%97_xanh.jpg/120px-X%C3%B4i_%C4%91%E1%BB%97_xanh.jpg,"[""https://upload.wikimedia.org/wikipedia/commons/thumb/f/f5/X%C3%B4i_%C4%91%E1%BB%97_xanh.jpg/120px-X%C3%B4i_%C4%91%E1%BB%97_xanh.jpg""]","Đỗ xanh chà vỏ, ngâm nở và đãi bỏ vỏ (hoặc có thể để nguyên vỏ) trộn với gạo nếp và đồ chín. Đây là một loại xôi phổ biế","Đỗ xanh chà vỏ, ngâm nở và đãi bỏ vỏ (hoặc có thể để nguyên vỏ) trộn với gạo nếp và đồ chín. Đây là một loại xôi phổ biến và có rất nhiều loại xôi tương tự được chế biến với các loại đậu, đỗ",,,,,0,"Miền Bắc , Miền Trung",Xôi ăn sáng,Xôi
Xôi gà,f27da9a3-ef9f-42ec-bc23-64dd868be453,096cb2da-4203-4c2b-a0b6-c26377e0b9a0,https://upload.wikimedia.org/wikipedia/commons/thumb/8/87/X%C3%B4i_g%C3%A0.jpg/120px-X%C3%B4i_g%C3%A0.jpg,"Được làm với nước cốt dừa và lá dứa, sau đó xé phay thịt gà luộc hoặc thịt gà quay, thái mỏng lạp sường và bày lên bát xôi như một đồ ăn kèm.",https://upload.wikimedia.org/wikipedia/commons/thumb/8/87/X%C3%B4i_g%C3%A0.jpg/120px-X%C3%B4i_g%C3%A0.jpg,"[""https://upload.wikimedia.org/wikipedia/commons/thumb/8/87/X%C3%B4i_g%C3%A0.jpg/120px-X%C3%B4i_g%C3%A0.jpg""]","Được làm với nước cốt dừa và lá dứa, sau đó xé phay thịt gà luộc hoặc thịt gà quay, thái mỏng lạp sường và bày lên bát x","Được làm với nước cốt dừa và lá dứa, sau đó xé phay thịt gà luộc hoặc thịt gà quay, thái mỏng lạp sường và bày lên bát xôi như một đồ ăn kèm.",,,,,0,Khắp cả nước,Xôi ăn chính,Xôi
Xôi gấc,f27da9a3-ef9f-42ec-bc23-64dd868be453,096cb2da-4203-4c2b-a0b6-c26377e0b9a0,https://upload.wikimedia.org/wikipedia/commons/thumb/0/07/X%C3%B4i_g%E1%BA%A5c.JPG/120px-X%C3%B4i_g%E1%BA%A5c.JPG,"Là một món ăn ngon, bổ, phổ thông, và rất được ưa chuộng như một đồ thờ cúng ngày lễ, tết, giỗ chạp, hoặc đi kèm với lợn sữa quay trên mâm đồ lễ ăn hỏi. Sử dụng thịt gấc để tạo màu sắc đỏ tươi tắn và hương vị thơm ngon cho món xôi.",https://upload.wikimedia.org/wikipedia/commons/thumb/0/07/X%C3%B4i_g%E1%BA%A5c.JPG/120px-X%C3%B4i_g%E1%BA%A5c.JPG,"[""https://upload.wikimedia.org/wikipedia/commons/thumb/0/07/X%C3%B4i_g%E1%BA%A5c.JPG/120px-X%C3%B4i_g%E1%BA%A5c.JPG""]","Là một món ăn ngon, bổ, phổ thông, và rất được ưa chuộng như một đồ thờ cúng ngày lễ, tết, giỗ chạp, hoặc đi kèm với lợn","Là một món ăn ngon, bổ, phổ thông, và rất được ưa chuộng như một đồ thờ cúng ngày lễ, tết, giỗ chạp, hoặc đi kèm với lợn sữa quay trên mâm đồ lễ ăn hỏi. Sử dụng thịt gấc để tạo màu sắc đỏ tươi tắn và hương vị thơm ngon cho món xôi.",,,,,0,Khắp cả nước,"Xôi ăn sáng, xôi cúng",Xôi
Xôi lá cẩm,f27da9a3-ef9f-42ec-bc23-64dd868be453,096cb2da-4203-4c2b-a0b6-c26377e0b9a0,https://upload.wikimedia.org/wikipedia/commons/thumb/3/37/X%C3%B4i_l%C3%A1_c%E1%BA%A9m.jpg/120px-X%C3%B4i_l%C3%A1_c%E1%BA%A9m.jpg,"Tương tự xôi xéo với đậu xanh tán nhuyễn, nhưng kết hợp với nước sắc của lá cẩm để lấy màu tím đỏ.",https://upload.wikimedia.org/wikipedia/commons/thumb/3/37/X%C3%B4i_l%C3%A1_c%E1%BA%A9m.jpg/120px-X%C3%B4i_l%C3%A1_c%E1%BA%A9m.jpg,"[""https://upload.wikimedia.org/wikipedia/commons/thumb/3/37/X%C3%B4i_l%C3%A1_c%E1%BA%A9m.jpg/120px-X%C3%B4i_l%C3%A1_c%E1%BA%A9m.jpg""]","Tương tự xôi xéo với đậu xanh tán nhuyễn, nhưng kết hợp với nước sắc của lá cẩm để lấy màu tím đỏ.","Tương tự xôi xéo với đậu xanh tán nhuyễn, nhưng kết hợp với nước sắc của lá cẩm để lấy màu tím đỏ.",,,,,0,Khắp cả nước,Xôi ăn sáng,Xôi
Xôi lạc Xôi đậu phộng,f27da9a3-ef9f-42ec-bc23-64dd868be453,096cb2da-4203-4c2b-a0b6-c26377e0b9a0,,"Lạc nhân được luộc chín mềm, trộn đều với gạo nếp đã ngâm và đem lên đồ theo cách làm xôi thông thường",,[],"Lạc nhân được luộc chín mềm, trộn đều với gạo nếp đã ngâm và đem lên đồ theo cách làm xôi thông thường","Lạc nhân được luộc chín mềm, trộn đều với gạo nếp đã ngâm và đem lên đồ theo cách làm xôi thông thường",,,,,0,Khắp cả nước,Xôi,Xôi
Xôi ngũ sắc,f27da9a3-ef9f-42ec-bc23-64dd868be453,c6ef84fe-e7ac-41b0-b338-1d0775331eb1,https://upload.wikimedia.org/wikipedia/commons/thumb/f/fd/X%C3%B4i_ng%C5%A9_s%E1%BA%AFc.JPG/120px-X%C3%B4i_ng%C5%A9_s%E1%BA%AFc.JPG,"Xôi được nấu kết hợp với các loại nước sắc của lá cơm xanh, cơm đỏ, cơm vàng để tạo màu. Thịnh hành với các dân tộc thiểu số ( Mường , Tày , Thái ). 5 màu xôi tượng trưng cho ngũ hành",https://upload.wikimedia.org/wikipedia/commons/thumb/f/fd/X%C3%B4i_ng%C5%A9_s%E1%BA%AFc.JPG/120px-X%C3%B4i_ng%C5%A9_s%E1%BA%AFc.JPG,"[""https://upload.wikimedia.org/wikipedia/commons/thumb/f/fd/X%C3%B4i_ng%C5%A9_s%E1%BA%AFc.JPG/120px-X%C3%B4i_ng%C5%A9_s%E1%BA%AFc.JPG""]","Xôi được nấu kết hợp với các loại nước sắc của lá cơm xanh, cơm đỏ, cơm vàng để tạo màu. Thịnh hành với các dân tộc thiể","Xôi được nấu kết hợp với các loại nước sắc của lá cơm xanh, cơm đỏ, cơm vàng để tạo màu. Thịnh hành với các dân tộc thiểu số ( Mường , Tày , Thái ). 5 màu xôi tượng trưng cho ngũ hành",,,,,0,Tây Bắc Bộ,"Xôi ăn chính, xôi cúng",Xôi
Xôi sắn,f27da9a3-ef9f-42ec-bc23-64dd868be453,c6ef84fe-e7ac-41b0-b338-1d0775331eb1,https://upload.wikimedia.org/wikipedia/commons/thumb/5/55/X%C3%B4i_s%E1%BA%AFn.jpg/120px-X%C3%B4i_s%E1%BA%AFn.jpg,"Gạo nếp trộn đều với củ sắn nếp đã bào thành sợi hoặc chặt miếng nhỏ, đồ chín và gia chút hành phi, mỡ nước.",https://upload.wikimedia.org/wikipedia/commons/thumb/5/55/X%C3%B4i_s%E1%BA%AFn.jpg/120px-X%C3%B4i_s%E1%BA%AFn.jpg,"[""https://upload.wikimedia.org/wikipedia/commons/thumb/5/55/X%C3%B4i_s%E1%BA%AFn.jpg/120px-X%C3%B4i_s%E1%BA%AFn.jpg""]","Gạo nếp trộn đều với củ sắn nếp đã bào thành sợi hoặc chặt miếng nhỏ, đồ chín và gia chút hành phi, mỡ nước.","Gạo nếp trộn đều với củ sắn nếp đã bào thành sợi hoặc chặt miếng nhỏ, đồ chín và gia chút hành phi, mỡ nước.",,,,,0,Miền Bắc,"Xôi ăn sáng, ăn chính",Xôi
Xôi trắng,f27da9a3-ef9f-42ec-bc23-64dd868be453,096cb2da-4203-4c2b-a0b6-c26377e0b9a0,,"Chỉ với gạo nếp và chút muối, không có bất cứ một nguyên liệu phụ nào khác hoặc đôi khi chỉ được kết hợp với một chút màu thực phẩm. Xôi trắng thường rất thịnh hành như một thứ quà trong sự kết hợp với các thực phẩm động vật",,[],"Chỉ với gạo nếp và chút muối, không có bất cứ một nguyên liệu phụ nào khác hoặc đôi khi chỉ được kết hợp với một chút mà","Chỉ với gạo nếp và chút muối, không có bất cứ một nguyên liệu phụ nào khác hoặc đôi khi chỉ được kết hợp với một chút màu thực phẩm. Xôi trắng thường rất thịnh hành như một thứ quà trong sự kết hợp với các thực phẩm động vật",,,,,0,Khắp cả nước,"Xôi ăn sáng, ăn chính, xôi cúng",Xôi
Xôi vò,f27da9a3-ef9f-42ec-bc23-64dd868be453,096cb2da-4203-4c2b-a0b6-c26377e0b9a0,,"Điểm đặc biệt của loại xôi này là các hạt xôi được tách rất rời nhưng vẫn rất dẻo. Gần tương tự xôi xéo với đậu xanh đồ chín tán nhuyễn, nhưng gạo nếp được đồ riêng với một chút lá dứa lấy mùi thơm, và có thể có một chút bột dành dành , bột nghệ tạo màu",,[],Điểm đặc biệt của loại xôi này là các hạt xôi được tách rất rời nhưng vẫn rất dẻo. Gần tương tự xôi xéo với đậu xanh đồ ,"Điểm đặc biệt của loại xôi này là các hạt xôi được tách rất rời nhưng vẫn rất dẻo. Gần tương tự xôi xéo với đậu xanh đồ chín tán nhuyễn, nhưng gạo nếp được đồ riêng với một chút lá dứa lấy mùi thơm, và có thể có một chút bột dành dành , bột nghệ tạo màu",,,,,0,Khắp cả nước,"Xôi ăn chính, xôi cúng",Xôi
Xôi xéo,f27da9a3-ef9f-42ec-bc23-64dd868be453,97a6dbe2-3e11-4e93-b238-5648a1fc93aa,https://upload.wikimedia.org/wikipedia/commons/thumb/f/f9/X%C3%B4i_x%C3%A9o.jpg/120px-X%C3%B4i_x%C3%A9o.jpg,"Xôi đặt trong bát, lấy dao lạng mỏng từng lát xéo đậu xanh lên trên, rắc hành phi và rưới chút mỡ nước. Đây được coi là một trong những món xôi khó nấu ngon nhất",https://upload.wikimedia.org/wikipedia/commons/thumb/f/f9/X%C3%B4i_x%C3%A9o.jpg/120px-X%C3%B4i_x%C3%A9o.jpg,"[""https://upload.wikimedia.org/wikipedia/commons/thumb/f/f9/X%C3%B4i_x%C3%A9o.jpg/120px-X%C3%B4i_x%C3%A9o.jpg""]","Xôi đặt trong bát, lấy dao lạng mỏng từng lát xéo đậu xanh lên trên, rắc hành phi và rưới chút mỡ nước. Đây được coi là ","Xôi đặt trong bát, lấy dao lạng mỏng từng lát xéo đậu xanh lên trên, rắc hành phi và rưới chút mỡ nước. Đây được coi là một trong những món xôi khó nấu ngon nhất",,,,,0,Hà Nội,Xôi ăn sáng,Xôi
Cháo lòng,4264848d-2e17-49c9-ab45-fa0ba28673aa,096cb2da-4203-4c2b-a0b6-c26377e0b9a0,https://upload.wikimedia.org/wikipedia/commons/thumb/8/82/Ch%C3%A1o_l%C3%B2ng.jpg/120px-Ch%C3%A1o_l%C3%B2ng.jpg,"Cháo kết hợp với nước dùng ngọt làm từ xương lợn hay nước luộc lòng lợn, và nguyên liệu chính cho bát cháo không thể thiếu các món phủ tạng lợn luộc",https://upload.wikimedia.org/wikipedia/commons/thumb/8/82/Ch%C3%A1o_l%C3%B2ng.jpg/120px-Ch%C3%A1o_l%C3%B2ng.jpg,"[""https://upload.wikimedia.org/wikipedia/commons/thumb/8/82/Ch%C3%A1o_l%C3%B2ng.jpg/120px-Ch%C3%A1o_l%C3%B2ng.jpg""]","Cháo kết hợp với nước dùng ngọt làm từ xương lợn hay nước luộc lòng lợn, và nguyên liệu chính cho bát cháo không thể thi","Cháo kết hợp với nước dùng ngọt làm từ xương lợn hay nước luộc lòng lợn, và nguyên liệu chính cho bát cháo không thể thiếu các món phủ tạng lợn luộc",,,,,0,Khắp cả nước,Cháo,Dạng lỏng ( cháo / súp các loại)
Cháo trắng,4264848d-2e17-49c9-ab45-fa0ba28673aa,096cb2da-4203-4c2b-a0b6-c26377e0b9a0,https://upload.wikimedia.org/wikipedia/commons/thumb/5/58/Chinese_rice_congee.jpg/120px-Chinese_rice_congee.jpg,Nấu gạo chín nhừ trong nước. Để được thành cháo thường thì thể tích nước phải hơn gấp 3 lần thể tích gạo,https://upload.wikimedia.org/wikipedia/commons/thumb/5/58/Chinese_rice_congee.jpg/120px-Chinese_rice_congee.jpg,"[""https://upload.wikimedia.org/wikipedia/commons/thumb/5/58/Chinese_rice_congee.jpg/120px-Chinese_rice_congee.jpg""]",Nấu gạo chín nhừ trong nước. Để được thành cháo thường thì thể tích nước phải hơn gấp 3 lần thể tích gạo,Nấu gạo chín nhừ trong nước. Để được thành cháo thường thì thể tích nước phải hơn gấp 3 lần thể tích gạo,,,,,0,Khắp cả nước,Cháo,Dạng lỏng ( cháo / súp các loại)
Lẩu,4264848d-2e17-49c9-ab45-fa0ba28673aa,096cb2da-4203-4c2b-a0b6-c26377e0b9a0,https://upload.wikimedia.org/wikipedia/commons/thumb/a/aa/Day177lilybday.JPG/120px-Day177lilybday.JPG,"Gồm một nồi nước dùng đang sôi, các món ăn sống được để xung quanh và người ăn gắp đồ ăn sống bỏ vào nồi nước dùng, đợi chín tới và ăn nóng",https://upload.wikimedia.org/wikipedia/commons/thumb/a/aa/Day177lilybday.JPG/120px-Day177lilybday.JPG,"[""https://upload.wikimedia.org/wikipedia/commons/thumb/a/aa/Day177lilybday.JPG/120px-Day177lilybday.JPG""]","Gồm một nồi nước dùng đang sôi, các món ăn sống được để xung quanh và người ăn gắp đồ ăn sống bỏ vào nồi nước dùng, đợi ","Gồm một nồi nước dùng đang sôi, các món ăn sống được để xung quanh và người ăn gắp đồ ăn sống bỏ vào nồi nước dùng, đợi chín tới và ăn nóng",,,,,0,Khắp cả nước,Lẩu,Dạng lỏng ( cháo / súp các loại)
Mướp đắng nhồi thịt Canh khổ qua nhồi thịt,4264848d-2e17-49c9-ab45-fa0ba28673aa,096cb2da-4203-4c2b-a0b6-c26377e0b9a0,https://upload.wikimedia.org/wikipedia/commons/thumb/8/8d/Canh_kh%E1%BB%95_qua.JPG/120px-Canh_kh%E1%BB%95_qua.JPG,"Mướp đắng được nhồi thịt, bó lại bằng hành hoa nấu trong nước xương ninh",https://upload.wikimedia.org/wikipedia/commons/thumb/8/8d/Canh_kh%E1%BB%95_qua.JPG/120px-Canh_kh%E1%BB%95_qua.JPG,"[""https://upload.wikimedia.org/wikipedia/commons/thumb/8/8d/Canh_kh%E1%BB%95_qua.JPG/120px-Canh_kh%E1%BB%95_qua.JPG""]","Mướp đắng được nhồi thịt, bó lại bằng hành hoa nấu trong nước xương ninh","Mướp đắng được nhồi thịt, bó lại bằng hành hoa nấu trong nước xương ninh",,,,,0,Khắp cả nước,Canh,Dạng lỏng ( cháo / súp các loại)
Ốc nấu chuối đậu,4264848d-2e17-49c9-ab45-fa0ba28673aa,096cb2da-4203-4c2b-a0b6-c26377e0b9a0,https://upload.wikimedia.org/wikipedia/commons/thumb/4/40/Chu%E1%BB%91i_%E1%BB%91c_%C4%91%E1%BA%ADu.jpg/120px-Chu%E1%BB%91i_%E1%BB%91c_%C4%91%E1%BA%ADu.jpg,"Món ăn dân dã nhưng khá cầu kỳ với ốc luộc chín nấu cùng chuối xanh, đậu rán, thịt ba chỉ, có lá lốt, tía tô",https://upload.wikimedia.org/wikipedia/commons/thumb/4/40/Chu%E1%BB%91i_%E1%BB%91c_%C4%91%E1%BA%ADu.jpg/120px-Chu%E1%BB%91i_%E1%BB%91c_%C4%91%E1%BA%ADu.jpg,"[""https://upload.wikimedia.org/wikipedia/commons/thumb/4/40/Chu%E1%BB%91i_%E1%BB%91c_%C4%91%E1%BA%ADu.jpg/120px-Chu%E1%BB%91i_%E1%BB%91c_%C4%91%E1%BA%ADu.jpg""]","Món ăn dân dã nhưng khá cầu kỳ với ốc luộc chín nấu cùng chuối xanh, đậu rán, thịt ba chỉ, có lá lốt, tía tô","Món ăn dân dã nhưng khá cầu kỳ với ốc luộc chín nấu cùng chuối xanh, đậu rán, thịt ba chỉ, có lá lốt, tía tô",,,,,0,Khắp cả nước,Canh,Dạng lỏng ( cháo / súp các loại)
Súp cua,4264848d-2e17-49c9-ab45-fa0ba28673aa,096cb2da-4203-4c2b-a0b6-c26377e0b9a0,https://upload.wikimedia.org/wikipedia/commons/thumb/5/51/S%C3%BAp_cua.jpg/120px-S%C3%BAp_cua.jpg,"Món súp với thịt cua, trứng gà hoặc trứng cút ngoài ra còn có xương gà để làm súp thêm vị ngọt và bỗ dưỡng hoặc hạt bắp.",https://upload.wikimedia.org/wikipedia/commons/thumb/5/51/S%C3%BAp_cua.jpg/120px-S%C3%BAp_cua.jpg,"[""https://upload.wikimedia.org/wikipedia/commons/thumb/5/51/S%C3%BAp_cua.jpg/120px-S%C3%BAp_cua.jpg""]","Món súp với thịt cua, trứng gà hoặc trứng cút ngoài ra còn có xương gà để làm súp thêm vị ngọt và bỗ dưỡng hoặc hạt bắp.","Món súp với thịt cua, trứng gà hoặc trứng cút ngoài ra còn có xương gà để làm súp thêm vị ngọt và bỗ dưỡng hoặc hạt bắp.",,,,,0,Khắp cả nước,Súp,Dạng lỏng ( cháo / súp các loại)
Súp yến,4264848d-2e17-49c9-ab45-fa0ba28673aa,096cb2da-4203-4c2b-a0b6-c26377e0b9a0,https://upload.wikimedia.org/wikipedia/commons/thumb/a/aa/Bird%27s_Nest_soup.jpg/120px-Bird%27s_Nest_soup.jpg,"Món ăn sang trọng, đắt tiền, bổ dưỡng nằm trong Bát trân nấu từ tổ yến với đường.",https://upload.wikimedia.org/wikipedia/commons/thumb/a/aa/Bird%27s_Nest_soup.jpg/120px-Bird%27s_Nest_soup.jpg,"[""https://upload.wikimedia.org/wikipedia/commons/thumb/a/aa/Bird%27s_Nest_soup.jpg/120px-Bird%27s_Nest_soup.jpg""]","Món ăn sang trọng, đắt tiền, bổ dưỡng nằm trong Bát trân nấu từ tổ yến với đường.","Món ăn sang trọng, đắt tiền, bổ dưỡng nằm trong Bát trân nấu từ tổ yến với đường.",,,,,0,Khắp cả nước,Súp,Dạng lỏng ( cháo / súp các loại)
Bò kho,4264848d-2e17-49c9-ab45-fa0ba28673aa,096cb2da-4203-4c2b-a0b6-c26377e0b9a0,https://upload.wikimedia.org/wikipedia/commons/thumb/9/99/Kho.jpg/120px-Kho.jpg,Thịt bò tẩm ướp hầm chung với rau củ [ 1 ],https://upload.wikimedia.org/wikipedia/commons/thumb/9/99/Kho.jpg/120px-Kho.jpg,"[""https://upload.wikimedia.org/wikipedia/commons/thumb/9/99/Kho.jpg/120px-Kho.jpg""]",Thịt bò tẩm ướp hầm chung với rau củ [ 1 ],Thịt bò tẩm ướp hầm chung với rau củ [ 1 ],,,,,0,Khắp cả nước,Canh,Dạng lỏng ( cháo / súp các loại)
Bánh cuốn Bánh ướt,cf5dd8cd-443c-4e7e-a35c-4fc9f6a99029,096cb2da-4203-4c2b-a0b6-c26377e0b9a0,https://upload.wikimedia.org/wikipedia/commons/thumb/b/b2/B%C3%A1nh_cu%E1%BB%91n_Thanh_Tr%C3%AC.jpg/120px-B%C3%A1nh_cu%E1%BB%91n_Thanh_Tr%C3%AC.jpg,"Bột gạo hấp tráng mỏng, để ăn khi còn ướt, bên trong cuốn nhân. Bánh thường ăn với một loại nước chấm pha nhạt từ nước mắm [ 7 ] [ 8 ]",https://upload.wikimedia.org/wikipedia/commons/thumb/b/b2/B%C3%A1nh_cu%E1%BB%91n_Thanh_Tr%C3%AC.jpg/120px-B%C3%A1nh_cu%E1%BB%91n_Thanh_Tr%C3%AC.jpg,"[""https://upload.wikimedia.org/wikipedia/commons/thumb/b/b2/B%C3%A1nh_cu%E1%BB%91n_Thanh_Tr%C3%AC.jpg/120px-B%C3%A1nh_cu%E1%BB%91n_Thanh_Tr%C3%AC.jpg""]","Bột gạo hấp tráng mỏng, để ăn khi còn ướt, bên trong cuốn nhân. Bánh thường ăn với một loại nước chấm pha nhạt từ nước m","Bột gạo hấp tráng mỏng, để ăn khi còn ướt, bên trong cuốn nhân. Bánh thường ăn với một loại nước chấm pha nhạt từ nước mắm [ 7 ] [ 8 ]",,,,,0,Khắp cả nước,Bánh tẻ,Món cuốn
Bò bía,cf5dd8cd-443c-4e7e-a35c-4fc9f6a99029,096cb2da-4203-4c2b-a0b6-c26377e0b9a0,https://upload.wikimedia.org/wikipedia/commons/thumb/2/2a/Bo_Bia_Jicama_Rolls.jpg/120px-Bo_Bia_Jicama_Rolls.jpg,"Gồm bò bía mặn và bò bía ngọt, đều là bột mì cuốn các nguyện liệu khác",https://upload.wikimedia.org/wikipedia/commons/thumb/2/2a/Bo_Bia_Jicama_Rolls.jpg/120px-Bo_Bia_Jicama_Rolls.jpg,"[""https://upload.wikimedia.org/wikipedia/commons/thumb/2/2a/Bo_Bia_Jicama_Rolls.jpg/120px-Bo_Bia_Jicama_Rolls.jpg""]","Gồm bò bía mặn và bò bía ngọt, đều là bột mì cuốn các nguyện liệu khác","Gồm bò bía mặn và bò bía ngọt, đều là bột mì cuốn các nguyện liệu khác",,,,,0,Khắp cả nước,Bánh bột mì,Món cuốn
Nem rán Chả giò,cf5dd8cd-443c-4e7e-a35c-4fc9f6a99029,096cb2da-4203-4c2b-a0b6-c26377e0b9a0,https://upload.wikimedia.org/wikipedia/commons/thumb/8/86/Nem_ran_cat.jpg/120px-Nem_ran_cat.jpg,"Món ăn ngon, nổi tiếng của người Việt và được chế biến từ thịt, trứng, rau củ quả băm nhỏ trộn đều, gói trong bánh đa nem và rán giòn",https://upload.wikimedia.org/wikipedia/commons/thumb/8/86/Nem_ran_cat.jpg/120px-Nem_ran_cat.jpg,"[""https://upload.wikimedia.org/wikipedia/commons/thumb/8/86/Nem_ran_cat.jpg/120px-Nem_ran_cat.jpg""]","Món ăn ngon, nổi tiếng của người Việt và được chế biến từ thịt, trứng, rau củ quả băm nhỏ trộn đều, gói trong bánh đa ne","Món ăn ngon, nổi tiếng của người Việt và được chế biến từ thịt, trứng, rau củ quả băm nhỏ trộn đều, gói trong bánh đa nem và rán giòn",,,,,0,Khắp cả nước,Bánh đa nem cuốn,Món cuốn
Gỏi cá,cf5dd8cd-443c-4e7e-a35c-4fc9f6a99029,096cb2da-4203-4c2b-a0b6-c26377e0b9a0,https://upload.wikimedia.org/wikipedia/commons/thumb/3/31/Vietnamese_salad_roll.jpg/120px-Vietnamese_salad_roll.jpg,Thịt cá sống cuốn trong bánh đa nem cùng rau thơm ăn với nước chấm,https://upload.wikimedia.org/wikipedia/commons/thumb/3/31/Vietnamese_salad_roll.jpg/120px-Vietnamese_salad_roll.jpg,"[""https://upload.wikimedia.org/wikipedia/commons/thumb/3/31/Vietnamese_salad_roll.jpg/120px-Vietnamese_salad_roll.jpg""]",Thịt cá sống cuốn trong bánh đa nem cùng rau thơm ăn với nước chấm,Thịt cá sống cuốn trong bánh đa nem cùng rau thơm ăn với nước chấm,,,,,0,Khắp cả nước,Bánh đa nem cuốn,Món cuốn
Nem cuốn Gỏi cuốn,cf5dd8cd-443c-4e7e-a35c-4fc9f6a99029,096cb2da-4203-4c2b-a0b6-c26377e0b9a0,https://upload.wikimedia.org/wikipedia/commons/thumb/8/8f/SpringRoll_001.jpg/120px-SpringRoll_001.jpg,"Bánh đa nem cuộn với các loại rau thơm, bún, và một số loại thịt như thịt bò, lợn, vịt, tôm, cá, cua đã nấu chín.",https://upload.wikimedia.org/wikipedia/commons/thumb/8/8f/SpringRoll_001.jpg/120px-SpringRoll_001.jpg,"[""https://upload.wikimedia.org/wikipedia/commons/thumb/8/8f/SpringRoll_001.jpg/120px-SpringRoll_001.jpg""]","Bánh đa nem cuộn với các loại rau thơm, bún, và một số loại thịt như thịt bò, lợn, vịt, tôm, cá, cua đã nấu chín.","Bánh đa nem cuộn với các loại rau thơm, bún, và một số loại thịt như thịt bò, lợn, vịt, tôm, cá, cua đã nấu chín.",,,,,0,Khắp cả nước,Bánh đa nem cuốn,Món cuốn
Nem chua,cf5dd8cd-443c-4e7e-a35c-4fc9f6a99029,096cb2da-4203-4c2b-a0b6-c26377e0b9a0,https://upload.wikimedia.org/wikipedia/commons/thumb/7/72/Nem_Chua_after_cutting.jpg/120px-Nem_Chua_after_cutting.jpg,"Sử dụng thịt lợn, lợi dụng men của lá và thính gạo để ủ chín, có vị chua ngậy. Đặc sản nổi tiếng ở Việt Nam",https://upload.wikimedia.org/wikipedia/commons/thumb/7/72/Nem_Chua_after_cutting.jpg/120px-Nem_Chua_after_cutting.jpg,"[""https://upload.wikimedia.org/wikipedia/commons/thumb/7/72/Nem_Chua_after_cutting.jpg/120px-Nem_Chua_after_cutting.jpg""]","Sử dụng thịt lợn, lợi dụng men của lá và thính gạo để ủ chín, có vị chua ngậy. Đặc sản nổi tiếng ở Việt Nam","Sử dụng thịt lợn, lợi dụng men của lá và thính gạo để ủ chín, có vị chua ngậy. Đặc sản nổi tiếng ở Việt Nam",,,,,0,Khắp cả nước,Lên men,Món cuốn
Bánh bá trạng,4812dd78-ddd7-4ac0-aeda-aaf0f0e4982e,27e0cdab-29f3-4d4a-8625-cf9f82a9636e,https://upload.wikimedia.org/wikipedia/commons/thumb/3/3d/RiceDumpling.JPG/120px-RiceDumpling.JPG,Bánh bao Bak Chang - tương tự bánh ú (zongzi) của Trung Quốc,https://upload.wikimedia.org/wikipedia/commons/thumb/3/3d/RiceDumpling.JPG/120px-RiceDumpling.JPG,"[""https://upload.wikimedia.org/wikipedia/commons/thumb/3/3d/RiceDumpling.JPG/120px-RiceDumpling.JPG""]",Bánh bao Bak Chang - tương tự bánh ú (zongzi) của Trung Quốc,Bánh bao Bak Chang - tương tự bánh ú (zongzi) của Trung Quốc,,,,,0,,Bánh bột mì,Bánh mặn
Bánh bao,4812dd78-ddd7-4ac0-aeda-aaf0f0e4982e,096cb2da-4203-4c2b-a0b6-c26377e0b9a0,https://upload.wikimedia.org/wikipedia/commons/thumb/b/b4/Banhbao.jpg/120px-Banhbao.jpg,"Làm bằng bột mỳ hấp có nhân gồm thịt heo xay, mộc nhĩ, nấm hương, hành, miến, lạp xưởng, trứng chim cút hoặc trứng gà. [ 8 ]",https://upload.wikimedia.org/wikipedia/commons/thumb/b/b4/Banhbao.jpg/120px-Banhbao.jpg,"[""https://upload.wikimedia.org/wikipedia/commons/thumb/b/b4/Banhbao.jpg/120px-Banhbao.jpg""]","Làm bằng bột mỳ hấp có nhân gồm thịt heo xay, mộc nhĩ, nấm hương, hành, miến, lạp xưởng, trứng chim cút hoặc trứng gà. [","Làm bằng bột mỳ hấp có nhân gồm thịt heo xay, mộc nhĩ, nấm hương, hành, miến, lạp xưởng, trứng chim cút hoặc trứng gà. [ 8 ]",,,,,0,Khắp cả nước,Bánh bột mì,Bánh mặn
Bánh tiêu,4812dd78-ddd7-4ac0-aeda-aaf0f0e4982e,096cb2da-4203-4c2b-a0b6-c26377e0b9a0,https://upload.wikimedia.org/wikipedia/commons/thumb/7/70/B%C3%A1nh_ti%C3%AAu.jpg/120px-B%C3%A1nh_ti%C3%AAu.jpg,Bánh vị ngọt được chế biến bằng những nguyên liệu gồm bột mì và bột khai cùng với đường vừng / mè và chế biến bằng phương pháp rán sôi qua chảo dầu nóng,https://upload.wikimedia.org/wikipedia/commons/thumb/7/70/B%C3%A1nh_ti%C3%AAu.jpg/120px-B%C3%A1nh_ti%C3%AAu.jpg,"[""https://upload.wikimedia.org/wikipedia/commons/thumb/7/70/B%C3%A1nh_ti%C3%AAu.jpg/120px-B%C3%A1nh_ti%C3%AAu.jpg""]",Bánh vị ngọt được chế biến bằng những nguyên liệu gồm bột mì và bột khai cùng với đường vừng / mè và chế biến bằng phươn,Bánh vị ngọt được chế biến bằng những nguyên liệu gồm bột mì và bột khai cùng với đường vừng / mè và chế biến bằng phương pháp rán sôi qua chảo dầu nóng,,,,,0,Khắp cả nước,Bánh bột mì,Bánh mặn
Bánh bèo,4812dd78-ddd7-4ac0-aeda-aaf0f0e4982e,c3af715a-3d5b-4193-bca2-d4b0140bae4b,https://upload.wikimedia.org/wikipedia/commons/thumb/d/d3/B%C3%A1nh_b%C3%A8o.jpg/120px-B%C3%A1nh_b%C3%A8o.jpg,"Bánh làm từ bột gạo, nhân để rắc lên bánh làm bằng tôm xay nhuyễn, và nước chấm, một hỗn hợp mà nước mắm là thành phần chính và thường đổ trực tiếp vào bánh [ 8 ]",https://upload.wikimedia.org/wikipedia/commons/thumb/d/d3/B%C3%A1nh_b%C3%A8o.jpg/120px-B%C3%A1nh_b%C3%A8o.jpg,"[""https://upload.wikimedia.org/wikipedia/commons/thumb/d/d3/B%C3%A1nh_b%C3%A8o.jpg/120px-B%C3%A1nh_b%C3%A8o.jpg""]","Bánh làm từ bột gạo, nhân để rắc lên bánh làm bằng tôm xay nhuyễn, và nước chấm, một hỗn hợp mà nước mắm là thành phần c","Bánh làm từ bột gạo, nhân để rắc lên bánh làm bằng tôm xay nhuyễn, và nước chấm, một hỗn hợp mà nước mắm là thành phần chính và thường đổ trực tiếp vào bánh [ 8 ]",,,,,0,Quảng Bình,Bánh tẻ,Bánh mặn
Bánh bột lọc,4812dd78-ddd7-4ac0-aeda-aaf0f0e4982e,0439b7ef-0eef-44d0-a527-8802d1694076,https://upload.wikimedia.org/wikipedia/commons/thumb/b/b8/B%C3%A1nh_b%E1%BB%99t_l%E1%BB%8Dc.jpg/120px-B%C3%A1nh_b%E1%BB%99t_l%E1%BB%8Dc.jpg,"Bằng bột sắn được luộc một phần nhỏ, nhồi kỹ. Nhân thường bằng tôm trộn với gia vị, có thể làm nhân bằng thịt heo nạc hay hỗn hợp tôm-thịt heo [ 8 ] [ 9 ]",https://upload.wikimedia.org/wikipedia/commons/thumb/b/b8/B%C3%A1nh_b%E1%BB%99t_l%E1%BB%8Dc.jpg/120px-B%C3%A1nh_b%E1%BB%99t_l%E1%BB%8Dc.jpg,"[""https://upload.wikimedia.org/wikipedia/commons/thumb/b/b8/B%C3%A1nh_b%E1%BB%99t_l%E1%BB%8Dc.jpg/120px-B%C3%A1nh_b%E1%BB%99t_l%E1%BB%8Dc.jpg""]","Bằng bột sắn được luộc một phần nhỏ, nhồi kỹ. Nhân thường bằng tôm trộn với gia vị, có thể làm nhân bằng thịt heo nạc ha","Bằng bột sắn được luộc một phần nhỏ, nhồi kỹ. Nhân thường bằng tôm trộn với gia vị, có thể làm nhân bằng thịt heo nạc hay hỗn hợp tôm-thịt heo [ 8 ] [ 9 ]",,,,,0,Bắc Trung Bộ,Bánh bột sắn,Bánh mặn
Bánh căn,4812dd78-ddd7-4ac0-aeda-aaf0f0e4982e,64458448-f3a0-4865-ad4c-2a9c6b87e5fb,https://upload.wikimedia.org/wikipedia/commons/thumb/a/a3/B%C3%A1nh_c%C4%83n_1.jpg/120px-B%C3%A1nh_c%C4%83n_1.jpg,"Bằng bột gạo nướng. Làm bánh căn thường phải có khuôn đúc đặc biệt, thường làm bằng đất nung, và có nhiều lỗ tròn để đặt khuôn. Vì bánh căn nhỏ nên thường tính theo cặp chứ không theo cái, ở giữa có thể quét mỡ hành hoặc đổ trứng. [ 1 ]",https://upload.wikimedia.org/wikipedia/commons/thumb/a/a3/B%C3%A1nh_c%C4%83n_1.jpg/120px-B%C3%A1nh_c%C4%83n_1.jpg,"[""https://upload.wikimedia.org/wikipedia/commons/thumb/a/a3/B%C3%A1nh_c%C4%83n_1.jpg/120px-B%C3%A1nh_c%C4%83n_1.jpg""]","Bằng bột gạo nướng. Làm bánh căn thường phải có khuôn đúc đặc biệt, thường làm bằng đất nung, và có nhiều lỗ tròn để đặt","Bằng bột gạo nướng. Làm bánh căn thường phải có khuôn đúc đặc biệt, thường làm bằng đất nung, và có nhiều lỗ tròn để đặt khuôn. Vì bánh căn nhỏ nên thường tính theo cặp chứ không theo cái, ở giữa có thể quét mỡ hành hoặc đổ trứng. [ 1 ]",,,,,0,"Khánh Hòa , Ninh Thuận , Bình Thuận",Bánh tẻ,Bánh mặn
Bánh chưng,4812dd78-ddd7-4ac0-aeda-aaf0f0e4982e,c6ef84fe-e7ac-41b0-b338-1d0775331eb1,https://upload.wikimedia.org/wikipedia/commons/thumb/e/ec/Banh_chung_vuong.jpg/120px-Banh_chung_vuong.jpg,"Là loại bánh duy nhất có lịch sử lâu đời trong ẩm thực truyền thống Việt Nam còn được sử sách nhắc lại, bánh chưng có vị trí đặc biệt trong tâm thức của cộng đồng người Việt",https://upload.wikimedia.org/wikipedia/commons/thumb/e/ec/Banh_chung_vuong.jpg/120px-Banh_chung_vuong.jpg,"[""https://upload.wikimedia.org/wikipedia/commons/thumb/e/ec/Banh_chung_vuong.jpg/120px-Banh_chung_vuong.jpg""]","Là loại bánh duy nhất có lịch sử lâu đời trong ẩm thực truyền thống Việt Nam còn được sử sách nhắc lại, bánh chưng có vị","Là loại bánh duy nhất có lịch sử lâu đời trong ẩm thực truyền thống Việt Nam còn được sử sách nhắc lại, bánh chưng có vị trí đặc biệt trong tâm thức của cộng đồng người Việt",,,,,0,Miền Bắc,Bánh nếp,Bánh mặn
Bánh cống,4812dd78-ddd7-4ac0-aeda-aaf0f0e4982e,35727751-0e3d-4ed9-a2fd-1c41b799bda4,https://upload.wikimedia.org/wikipedia/commons/thumb/d/d3/B%C3%A1nh_c%E1%BB%91ng_de_C%E1%BA%A7n_Th%C6%A1.jpg/120px-B%C3%A1nh_c%E1%BB%91ng_de_C%E1%BA%A7n_Th%C6%A1.jpg,"Là hỗn hợp của thịt heo băm nhuyễn trộn với củ sắn và đậu xanh nguyên hột, trên mặt bánh có một con tôm nằm khoanh tròn",https://upload.wikimedia.org/wikipedia/commons/thumb/d/d3/B%C3%A1nh_c%E1%BB%91ng_de_C%E1%BA%A7n_Th%C6%A1.jpg/120px-B%C3%A1nh_c%E1%BB%91ng_de_C%E1%BA%A7n_Th%C6%A1.jpg,"[""https://upload.wikimedia.org/wikipedia/commons/thumb/d/d3/B%C3%A1nh_c%E1%BB%91ng_de_C%E1%BA%A7n_Th%C6%A1.jpg/120px-B%C3%A1nh_c%E1%BB%91ng_de_C%E1%BA%A7n_Th%C6%A1.jpg""]","Là hỗn hợp của thịt heo băm nhuyễn trộn với củ sắn và đậu xanh nguyên hột, trên mặt bánh có một con tôm nằm khoanh tròn","Là hỗn hợp của thịt heo băm nhuyễn trộn với củ sắn và đậu xanh nguyên hột, trên mặt bánh có một con tôm nằm khoanh tròn",,,,,0,Cần Thơ,Bánh bột sắn,Bánh mặn
Bánh dày,4812dd78-ddd7-4ac0-aeda-aaf0f0e4982e,096cb2da-4203-4c2b-a0b6-c26377e0b9a0,https://upload.wikimedia.org/wikipedia/commons/thumb/4/4f/B%C3%A1nh_gi%E1%BA%A7y_gi%C3%B2.JPG/120px-B%C3%A1nh_gi%E1%BA%A7y_gi%C3%B2.JPG,"Được làm bằng xôi đã được giã thật mịn, có thể có nhân đậu xanh và sợi dừa với vị ngọt hoặc mặn. Bánh có thể được làm vào các dịp Tết cổ truyền của dân tộc Việt và vào ngày Giỗ Tổ Hùng Vương",https://upload.wikimedia.org/wikipedia/commons/thumb/4/4f/B%C3%A1nh_gi%E1%BA%A7y_gi%C3%B2.JPG/120px-B%C3%A1nh_gi%E1%BA%A7y_gi%C3%B2.JPG,"[""https://upload.wikimedia.org/wikipedia/commons/thumb/4/4f/B%C3%A1nh_gi%E1%BA%A7y_gi%C3%B2.JPG/120px-B%C3%A1nh_gi%E1%BA%A7y_gi%C3%B2.JPG""]","Được làm bằng xôi đã được giã thật mịn, có thể có nhân đậu xanh và sợi dừa với vị ngọt hoặc mặn. Bánh có thể được làm và","Được làm bằng xôi đã được giã thật mịn, có thể có nhân đậu xanh và sợi dừa với vị ngọt hoặc mặn. Bánh có thể được làm vào các dịp Tết cổ truyền của dân tộc Việt và vào ngày Giỗ Tổ Hùng Vương",,,,,0,Khắp cả nước,Bánh nếp,Bánh mặn
Bánh đúc,4812dd78-ddd7-4ac0-aeda-aaf0f0e4982e,096cb2da-4203-4c2b-a0b6-c26377e0b9a0,https://upload.wikimedia.org/wikipedia/commons/thumb/0/00/Banhduc-northern.jpg/120px-Banhduc-northern.jpg,"Làm bằng bột gạo (tại miền Bắc và miền Trung) hoặc bột năng (miền Nam) với nước vôi trong một số gia vị. Bánh được làm thành tấm to, khi ăn thì cắt nhỏ thành miếng tùy thích.",https://upload.wikimedia.org/wikipedia/commons/thumb/0/00/Banhduc-northern.jpg/120px-Banhduc-northern.jpg,"[""https://upload.wikimedia.org/wikipedia/commons/thumb/0/00/Banhduc-northern.jpg/120px-Banhduc-northern.jpg""]",Làm bằng bột gạo (tại miền Bắc và miền Trung) hoặc bột năng (miền Nam) với nước vôi trong một số gia vị. Bánh được làm t,"Làm bằng bột gạo (tại miền Bắc và miền Trung) hoặc bột năng (miền Nam) với nước vôi trong một số gia vị. Bánh được làm thành tấm to, khi ăn thì cắt nhỏ thành miếng tùy thích.",,,,,0,Khắp cả nước,Bánh tẻ,Bánh mặn
Bánh giò,4812dd78-ddd7-4ac0-aeda-aaf0f0e4982e,096cb2da-4203-4c2b-a0b6-c26377e0b9a0,https://upload.wikimedia.org/wikipedia/commons/thumb/9/91/B%C3%A1nh_gi%C3%B2.jpg/120px-B%C3%A1nh_gi%C3%B2.jpg,"Bằng bột tẻ lọc, thịt nạc vai dùng chế biến nhân có kèm mộc nhĩ, hành khô, hạt tiêu, nước mắm, muối... Bánh giò có hình dài nhô cao như hình bàn tay úp",https://upload.wikimedia.org/wikipedia/commons/thumb/9/91/B%C3%A1nh_gi%C3%B2.jpg/120px-B%C3%A1nh_gi%C3%B2.jpg,"[""https://upload.wikimedia.org/wikipedia/commons/thumb/9/91/B%C3%A1nh_gi%C3%B2.jpg/120px-B%C3%A1nh_gi%C3%B2.jpg""]","Bằng bột tẻ lọc, thịt nạc vai dùng chế biến nhân có kèm mộc nhĩ, hành khô, hạt tiêu, nước mắm, muối... Bánh giò có hình ","Bằng bột tẻ lọc, thịt nạc vai dùng chế biến nhân có kèm mộc nhĩ, hành khô, hạt tiêu, nước mắm, muối... Bánh giò có hình dài nhô cao như hình bàn tay úp",,,,,0,Khắp cả nước,Bánh tẻ,Bánh mặn
Bánh gối Pa tê sô,4812dd78-ddd7-4ac0-aeda-aaf0f0e4982e,096cb2da-4203-4c2b-a0b6-c26377e0b9a0,https://upload.wikimedia.org/wikipedia/commons/thumb/c/c2/Banh_goi_03.JPG/120px-Banh_goi_03.JPG,"Được làm bằng nhiều lớp bột và chiên giòn. Theo truyền thống, nhân thịt lợn, nhưng ngày nay thịt gà và thịt bò cũng được sử dụng.",https://upload.wikimedia.org/wikipedia/commons/thumb/c/c2/Banh_goi_03.JPG/120px-Banh_goi_03.JPG,"[""https://upload.wikimedia.org/wikipedia/commons/thumb/c/c2/Banh_goi_03.JPG/120px-Banh_goi_03.JPG""]","Được làm bằng nhiều lớp bột và chiên giòn. Theo truyền thống, nhân thịt lợn, nhưng ngày nay thịt gà và thịt bò cũng được","Được làm bằng nhiều lớp bột và chiên giòn. Theo truyền thống, nhân thịt lợn, nhưng ngày nay thịt gà và thịt bò cũng được sử dụng.",,,,,0,Khắp cả nước,Bánh rán,Bánh mặn
Bánh hỏi,4812dd78-ddd7-4ac0-aeda-aaf0f0e4982e,0439b7ef-0eef-44d0-a527-8802d1694076,https://upload.wikimedia.org/wikipedia/commons/thumb/2/2f/B%C3%A1nh_h%E1%BB%8Fi_kh%C3%B4ng_h%C3%A0nh.jpg/120px-B%C3%A1nh_h%E1%BB%8Fi_kh%C3%B4ng_h%C3%A0nh.jpg,"Được làm từ bột gạo và có quy trình chế biến đặc biệt công phu, tỉ mỉ thường ăn chung với mỡ hành, thịt quay, thịt nướng, lòng heo...",https://upload.wikimedia.org/wikipedia/commons/thumb/2/2f/B%C3%A1nh_h%E1%BB%8Fi_kh%C3%B4ng_h%C3%A0nh.jpg/120px-B%C3%A1nh_h%E1%BB%8Fi_kh%C3%B4ng_h%C3%A0nh.jpg,"[""https://upload.wikimedia.org/wikipedia/commons/thumb/2/2f/B%C3%A1nh_h%E1%BB%8Fi_kh%C3%B4ng_h%C3%A0nh.jpg/120px-B%C3%A1nh_h%E1%BB%8Fi_kh%C3%B4ng_h%C3%A0nh.jpg""]","Được làm từ bột gạo và có quy trình chế biến đặc biệt công phu, tỉ mỉ thường ăn chung với mỡ hành, thịt quay, thịt nướng","Được làm từ bột gạo và có quy trình chế biến đặc biệt công phu, tỉ mỉ thường ăn chung với mỡ hành, thịt quay, thịt nướng, lòng heo...",,,,,0,Duyên hải Nam Trung Bộ,Bánh tẻ,Bánh mặn
Bánh ít,4812dd78-ddd7-4ac0-aeda-aaf0f0e4982e,096cb2da-4203-4c2b-a0b6-c26377e0b9a0,https://upload.wikimedia.org/wikipedia/commons/thumb/f/fe/B%C3%A1nh_%C3%ADt_tr%E1%BA%A7n.JPG/120px-B%C3%A1nh_%C3%ADt_tr%E1%BA%A7n.JPG,Làm từ bột nếp và bột đậu xanh với phương pháp hấp cách thủy. nhân bánh ít được xào chín trước khi gói cẩn thận bằng lá gai hoặc lá chuối tơ [ 8 ],https://upload.wikimedia.org/wikipedia/commons/thumb/f/fe/B%C3%A1nh_%C3%ADt_tr%E1%BA%A7n.JPG/120px-B%C3%A1nh_%C3%ADt_tr%E1%BA%A7n.JPG,"[""https://upload.wikimedia.org/wikipedia/commons/thumb/f/fe/B%C3%A1nh_%C3%ADt_tr%E1%BA%A7n.JPG/120px-B%C3%A1nh_%C3%ADt_tr%E1%BA%A7n.JPG""]",Làm từ bột nếp và bột đậu xanh với phương pháp hấp cách thủy. nhân bánh ít được xào chín trước khi gói cẩn thận bằng lá ,Làm từ bột nếp và bột đậu xanh với phương pháp hấp cách thủy. nhân bánh ít được xào chín trước khi gói cẩn thận bằng lá gai hoặc lá chuối tơ [ 8 ],,,,,0,Khắp cả nước,Bánh tẻ,Bánh mặn
Bánh ít trần,4812dd78-ddd7-4ac0-aeda-aaf0f0e4982e,096cb2da-4203-4c2b-a0b6-c26377e0b9a0,https://upload.wikimedia.org/wikipedia/commons/thumb/f/f2/%C4%90%C4%A9a_b%C3%A1nh_%C3%ADt_tr%E1%BA%A7n.jpg/120px-%C4%90%C4%A9a_b%C3%A1nh_%C3%ADt_tr%E1%BA%A7n.jpg,"Bánh ít không gói trong lá, thường rắc ruốc tôm, ruốc thịt lên trên",https://upload.wikimedia.org/wikipedia/commons/thumb/f/f2/%C4%90%C4%A9a_b%C3%A1nh_%C3%ADt_tr%E1%BA%A7n.jpg/120px-%C4%90%C4%A9a_b%C3%A1nh_%C3%ADt_tr%E1%BA%A7n.jpg,"[""https://upload.wikimedia.org/wikipedia/commons/thumb/f/f2/%C4%90%C4%A9a_b%C3%A1nh_%C3%ADt_tr%E1%BA%A7n.jpg/120px-%C4%90%C4%A9a_b%C3%A1nh_%C3%ADt_tr%E1%BA%A7n.jpg""]","Bánh ít không gói trong lá, thường rắc ruốc tôm, ruốc thịt lên trên","Bánh ít không gói trong lá, thường rắc ruốc tôm, ruốc thịt lên trên",,,,,0,Khắp cả nước,Bánh tẻ,Bánh mặn
Bánh khọt,4812dd78-ddd7-4ac0-aeda-aaf0f0e4982e,27e0cdab-29f3-4d4a-8625-cf9f82a9636e,https://upload.wikimedia.org/wikipedia/commons/thumb/b/ba/B%C3%A1nh_kh%E1%BB%8Dt_tr%C3%AAn_khu%C3%B4n.jpg/120px-B%C3%A1nh_kh%E1%BB%8Dt_tr%C3%AAn_khu%C3%B4n.jpg,"Bằng bột gạo, có nhân tôm, được rán và ăn kèm với rau sống, ớt tươi, chấm nước sốt mắm tôm (không phải mắm tôm hay mắm tôm chua) [ 8 ]",https://upload.wikimedia.org/wikipedia/commons/thumb/b/ba/B%C3%A1nh_kh%E1%BB%8Dt_tr%C3%AAn_khu%C3%B4n.jpg/120px-B%C3%A1nh_kh%E1%BB%8Dt_tr%C3%AAn_khu%C3%B4n.jpg,"[""https://upload.wikimedia.org/wikipedia/commons/thumb/b/ba/B%C3%A1nh_kh%E1%BB%8Dt_tr%C3%AAn_khu%C3%B4n.jpg/120px-B%C3%A1nh_kh%E1%BB%8Dt_tr%C3%AAn_khu%C3%B4n.jpg""]","Bằng bột gạo, có nhân tôm, được rán và ăn kèm với rau sống, ớt tươi, chấm nước sốt mắm tôm (không phải mắm tôm hay mắm t","Bằng bột gạo, có nhân tôm, được rán và ăn kèm với rau sống, ớt tươi, chấm nước sốt mắm tôm (không phải mắm tôm hay mắm tôm chua) [ 8 ]",,,,,0,Bà Rịa – Vũng Tàu,Bánh tẻ,Bánh mặn
Bánh khúc,4812dd78-ddd7-4ac0-aeda-aaf0f0e4982e,c6ef84fe-e7ac-41b0-b338-1d0775331eb1,https://upload.wikimedia.org/wikipedia/commons/thumb/d/d4/B%C3%A1nh_kh%C3%BAc.JPG/120px-B%C3%A1nh_kh%C3%BAc.JPG,"Làm từ lá rau khúc nếp, gạo nếp, nhân đậu xanh, thịt lợn mỡ có bọc ở ngoài bằng xôi",https://upload.wikimedia.org/wikipedia/commons/thumb/d/d4/B%C3%A1nh_kh%C3%BAc.JPG/120px-B%C3%A1nh_kh%C3%BAc.JPG,"[""https://upload.wikimedia.org/wikipedia/commons/thumb/d/d4/B%C3%A1nh_kh%C3%BAc.JPG/120px-B%C3%A1nh_kh%C3%BAc.JPG""]","Làm từ lá rau khúc nếp, gạo nếp, nhân đậu xanh, thịt lợn mỡ có bọc ở ngoài bằng xôi","Làm từ lá rau khúc nếp, gạo nếp, nhân đậu xanh, thịt lợn mỡ có bọc ở ngoài bằng xôi",,,,,0,Miền Bắc,Bánh nếp phủ xôi,Bánh mặn
Bánh mì,4812dd78-ddd7-4ac0-aeda-aaf0f0e4982e,096cb2da-4203-4c2b-a0b6-c26377e0b9a0,https://upload.wikimedia.org/wikipedia/commons/thumb/0/0c/B%C3%A1nh_m%C3%AC_th%E1%BB%8Bt_n%C6%B0%E1%BB%9Bng.png/120px-B%C3%A1nh_m%C3%AC_th%E1%BB%8Bt_n%C6%B0%E1%BB%9Bng.png,Bánh mì rạch đôi kẹp nhân ở giữa. Rất nhiều chủng loại khác nhau tùy vào nhân [ 10 ],https://upload.wikimedia.org/wikipedia/commons/thumb/0/0c/B%C3%A1nh_m%C3%AC_th%E1%BB%8Bt_n%C6%B0%E1%BB%9Bng.png/120px-B%C3%A1nh_m%C3%AC_th%E1%BB%8Bt_n%C6%B0%E1%BB%9Bng.png,"[""https://upload.wikimedia.org/wikipedia/commons/thumb/0/0c/B%C3%A1nh_m%C3%AC_th%E1%BB%8Bt_n%C6%B0%E1%BB%9Bng.png/120px-B%C3%A1nh_m%C3%AC_th%E1%BB%8Bt_n%C6%B0%E1%BB%9Bng.png""]",Bánh mì rạch đôi kẹp nhân ở giữa. Rất nhiều chủng loại khác nhau tùy vào nhân [ 10 ],Bánh mì rạch đôi kẹp nhân ở giữa. Rất nhiều chủng loại khác nhau tùy vào nhân [ 10 ],,,,,0,Khắp cả nước,Bánh bột mì,Bánh mặn
Bánh nậm,4812dd78-ddd7-4ac0-aeda-aaf0f0e4982e,6fc8742d-40d6-43f9-9fd1-f497b4f62ddc,https://upload.wikimedia.org/wikipedia/commons/thumb/8/80/B%C3%A1nh_N%E1%BA%ADm.jpg/120px-B%C3%A1nh_N%E1%BA%ADm.jpg,"Bằng bột tẻ, bánh mỏng dẹp với nhân nấm, thịt lợn, tiêu, ớt gói trong lá chuối [ 8 ]",https://upload.wikimedia.org/wikipedia/commons/thumb/8/80/B%C3%A1nh_N%E1%BA%ADm.jpg/120px-B%C3%A1nh_N%E1%BA%ADm.jpg,"[""https://upload.wikimedia.org/wikipedia/commons/thumb/8/80/B%C3%A1nh_N%E1%BA%ADm.jpg/120px-B%C3%A1nh_N%E1%BA%ADm.jpg""]","Bằng bột tẻ, bánh mỏng dẹp với nhân nấm, thịt lợn, tiêu, ớt gói trong lá chuối [ 8 ]","Bằng bột tẻ, bánh mỏng dẹp với nhân nấm, thịt lợn, tiêu, ớt gói trong lá chuối [ 8 ]",,,,,0,Huế,Bánh tẻ,Bánh mặn
Bánh quai vạc,4812dd78-ddd7-4ac0-aeda-aaf0f0e4982e,0439b7ef-0eef-44d0-a527-8802d1694076,https://upload.wikimedia.org/wikipedia/commons/thumb/0/08/HK_Tsuen_Wan_%E5%BB%BA%E6%98%8E%E8%A1%97_Kin_Ming_Street_sign_Cheong_Wah_Building_Tasty_Bakery_08_chinese_cookies_%E6%B2%B9%E7%82%B8%E8%A7%92%E4%BB%94_Cantonese_Peanut_puffs_Kok_Chai_a.jpg/120px-HK_Tsuen_Wan_%E5%BB%BA%E6%98%8E%E8%A1%97_Kin_Ming_Street_sign_Cheong_Wah_Building_Tasty_Bakery_08_chinese_cookies_%E6%B2%B9%E7%82%B8%E8%A7%92%E4%BB%94_Cantonese_Peanut_puffs_Kok_Chai_a.jpg,"Được làm từ bột (khoai) mì tinh (hay bột năng) bên trong nhân có thể chứa tôm, thịt rồi đem luộc. Ở miền Nam thường xuất hiện phổ biến dưới dạng bánh chiên.",https://upload.wikimedia.org/wikipedia/commons/thumb/0/08/HK_Tsuen_Wan_%E5%BB%BA%E6%98%8E%E8%A1%97_Kin_Ming_Street_sign_Cheong_Wah_Building_Tasty_Bakery_08_chinese_cookies_%E6%B2%B9%E7%82%B8%E8%A7%92%E4%BB%94_Cantonese_Peanut_puffs_Kok_Chai_a.jpg/120px-HK_Tsuen_Wan_%E5%BB%BA%E6%98%8E%E8%A1%97_Kin_Ming_Street_sign_Cheong_Wah_Building_Tasty_Bakery_08_chinese_cookies_%E6%B2%B9%E7%82%B8%E8%A7%92%E4%BB%94_Cantonese_Peanut_puffs_Kok_Chai_a.jpg,"[""https://upload.wikimedia.org/wikipedia/commons/thumb/0/08/HK_Tsuen_Wan_%E5%BB%BA%E6%98%8E%E8%A1%97_Kin_Ming_Street_sign_Cheong_Wah_Building_Tasty_Bakery_08_chinese_cookies_%E6%B2%B9%E7%82%B8%E8%A7%92%E4%BB%94_Cantonese_Peanut_puffs_Kok_Chai_a.jpg/120px-HK_Tsuen_Wan_%E5%BB%BA%E6%98%8E%E8%A1%97_Kin_Ming_Street_sign_Cheong_Wah_Building_Tasty_Bakery_08_chinese_cookies_%E6%B2%B9%E7%82%B8%E8%A7%92%E4%BB%94_Cantonese_Peanut_puffs_Kok_Chai_a.jpg""]","Được làm từ bột (khoai) mì tinh (hay bột năng) bên trong nhân có thể chứa tôm, thịt rồi đem luộc. Ở miền Nam thường xuất","Được làm từ bột (khoai) mì tinh (hay bột năng) bên trong nhân có thể chứa tôm, thịt rồi đem luộc. Ở miền Nam thường xuất hiện phổ biến dưới dạng bánh chiên.",,,,,0,"Nam Trung Bộ , miền Nam","Bánh bột năng, bánh rán",Bánh mặn
Bánh hòn tai,4812dd78-ddd7-4ac0-aeda-aaf0f0e4982e,d6b90ebc-f111-4e47-896e-6eadb890e4f2,,"Làm từ bột gạo tẻ, thịt lợn và một số gia vị khác",,[],"Làm từ bột gạo tẻ, thịt lợn và một số gia vị khác","Làm từ bột gạo tẻ, thịt lợn và một số gia vị khác",,,,,0,Phú Thọ,Bánh tẻ,Bánh mặn
Bánh tẻ,4812dd78-ddd7-4ac0-aeda-aaf0f0e4982e,c6ef84fe-e7ac-41b0-b338-1d0775331eb1,https://upload.wikimedia.org/wikipedia/commons/thumb/6/68/Banh_te_My_Duc_2.png/120px-Banh_te_My_Duc_2.png,"Bột gạo tẻ, gói ngoài bằng lá dong và được luộc cho chín.",https://upload.wikimedia.org/wikipedia/commons/thumb/6/68/Banh_te_My_Duc_2.png/120px-Banh_te_My_Duc_2.png,"[""https://upload.wikimedia.org/wikipedia/commons/thumb/6/68/Banh_te_My_Duc_2.png/120px-Banh_te_My_Duc_2.png""]","Bột gạo tẻ, gói ngoài bằng lá dong và được luộc cho chín.","Bột gạo tẻ, gói ngoài bằng lá dong và được luộc cho chín.",,,,,0,Miền Bắc,Bánh tẻ,Bánh mặn
Bánh tét,4812dd78-ddd7-4ac0-aeda-aaf0f0e4982e,51eb38d6-9728-4d90-b7fe-c2f8236144a2,https://upload.wikimedia.org/wikipedia/commons/thumb/f/f6/Banhtet.jpg/120px-Banhtet.jpg,"Là nét tương đồng của bánh chưng ở Miền Bắc về nguyên liệu, cách nấu, chỉ khác về hình dáng và sử dụng lá chuối để gói thay vì lá dong, nhưng cũng có nhiều bánh tét nhân chuối hay đậu đen.",https://upload.wikimedia.org/wikipedia/commons/thumb/f/f6/Banhtet.jpg/120px-Banhtet.jpg,"[""https://upload.wikimedia.org/wikipedia/commons/thumb/f/f6/Banhtet.jpg/120px-Banhtet.jpg""]","Là nét tương đồng của bánh chưng ở Miền Bắc về nguyên liệu, cách nấu, chỉ khác về hình dáng và sử dụng lá chuối để gói t","Là nét tương đồng của bánh chưng ở Miền Bắc về nguyên liệu, cách nấu, chỉ khác về hình dáng và sử dụng lá chuối để gói thay vì lá dong, nhưng cũng có nhiều bánh tét nhân chuối hay đậu đen.",,,,,0,Miền Nam,Bánh nếp,Bánh mặn
Bánh tôm Hồ Tây,4812dd78-ddd7-4ac0-aeda-aaf0f0e4982e,97a6dbe2-3e11-4e93-b238-5648a1fc93aa,https://upload.wikimedia.org/wikipedia/commons/thumb/6/6a/B%C3%A1nh_t%C3%B4m.jpg/120px-B%C3%A1nh_t%C3%B4m.jpg,Tôm (nước ngọt) hồ Tây bọc bột mì cho vào chảo mỡ nóng già ngập bánh cho chín tới. Khi bánh phồng lên và ngả màu vàng có bốc mùi thơm ngậy,https://upload.wikimedia.org/wikipedia/commons/thumb/6/6a/B%C3%A1nh_t%C3%B4m.jpg/120px-B%C3%A1nh_t%C3%B4m.jpg,"[""https://upload.wikimedia.org/wikipedia/commons/thumb/6/6a/B%C3%A1nh_t%C3%B4m.jpg/120px-B%C3%A1nh_t%C3%B4m.jpg""]",Tôm (nước ngọt) hồ Tây bọc bột mì cho vào chảo mỡ nóng già ngập bánh cho chín tới. Khi bánh phồng lên và ngả màu vàng có,Tôm (nước ngọt) hồ Tây bọc bột mì cho vào chảo mỡ nóng già ngập bánh cho chín tới. Khi bánh phồng lên và ngả màu vàng có bốc mùi thơm ngậy,,,,,0,Hà Nội,Bánh rán,Bánh mặn
Bánh tráng,4812dd78-ddd7-4ac0-aeda-aaf0f0e4982e,0439b7ef-0eef-44d0-a527-8802d1694076,https://upload.wikimedia.org/wikipedia/commons/thumb/a/a5/Nems_wafer_DSC04723.JPG/120px-Nems_wafer_DSC04723.JPG,"Bánh làm từ bột gạo, tráng mỏng như tờ giấy",https://upload.wikimedia.org/wikipedia/commons/thumb/a/a5/Nems_wafer_DSC04723.JPG/120px-Nems_wafer_DSC04723.JPG,"[""https://upload.wikimedia.org/wikipedia/commons/thumb/a/a5/Nems_wafer_DSC04723.JPG/120px-Nems_wafer_DSC04723.JPG""]","Bánh làm từ bột gạo, tráng mỏng như tờ giấy","Bánh làm từ bột gạo, tráng mỏng như tờ giấy",,,,,0,Miền Trung,Bánh từ bột gạo,Bánh mặn
Bánh xèo,4812dd78-ddd7-4ac0-aeda-aaf0f0e4982e,096cb2da-4203-4c2b-a0b6-c26377e0b9a0,https://upload.wikimedia.org/wikipedia/commons/thumb/e/e5/B%C3%A1nh_x%C3%A8o_1.jpg/120px-B%C3%A1nh_x%C3%A8o_1.jpg,"Bằng bột gạo bên ngoài, bên trong có nhân là tôm, thịt, giá đỗ, được rán màu vàng, đúc thành hình tròn hoặc gấp lại thành hình bán nguyệt [ 1 ] [ 8 ] [ 11 ]",https://upload.wikimedia.org/wikipedia/commons/thumb/e/e5/B%C3%A1nh_x%C3%A8o_1.jpg/120px-B%C3%A1nh_x%C3%A8o_1.jpg,"[""https://upload.wikimedia.org/wikipedia/commons/thumb/e/e5/B%C3%A1nh_x%C3%A8o_1.jpg/120px-B%C3%A1nh_x%C3%A8o_1.jpg""]","Bằng bột gạo bên ngoài, bên trong có nhân là tôm, thịt, giá đỗ, được rán màu vàng, đúc thành hình tròn hoặc gấp lại thàn","Bằng bột gạo bên ngoài, bên trong có nhân là tôm, thịt, giá đỗ, được rán màu vàng, đúc thành hình tròn hoặc gấp lại thành hình bán nguyệt [ 1 ] [ 8 ] [ 11 ]",,,,,0,Khắp cả nước,Bánh rán,Bánh mặn
Bột chiên,4812dd78-ddd7-4ac0-aeda-aaf0f0e4982e,51eb38d6-9728-4d90-b7fe-c2f8236144a2,https://upload.wikimedia.org/wikipedia/commons/thumb/c/c0/Botchien_in_Vietnam.jpg/120px-Botchien_in_Vietnam.jpg,Bánh gạo chiên với trứng và dùng với nước tương.,https://upload.wikimedia.org/wikipedia/commons/thumb/c/c0/Botchien_in_Vietnam.jpg/120px-Botchien_in_Vietnam.jpg,"[""https://upload.wikimedia.org/wikipedia/commons/thumb/c/c0/Botchien_in_Vietnam.jpg/120px-Botchien_in_Vietnam.jpg""]",Bánh gạo chiên với trứng và dùng với nước tương.,Bánh gạo chiên với trứng và dùng với nước tương.,,,,,0,Miền Nam,Bánh bột gạo,Bánh mặn
Bánh phồng tôm,4812dd78-ddd7-4ac0-aeda-aaf0f0e4982e,51eb38d6-9728-4d90-b7fe-c2f8236144a2,https://upload.wikimedia.org/wikipedia/commons/thumb/a/ab/Fried_Krupuk_Udang.JPG/120px-Fried_Krupuk_Udang.JPG,"Bánh làm từ bột gạo và tôm, được chiên giòn lên.",https://upload.wikimedia.org/wikipedia/commons/thumb/a/ab/Fried_Krupuk_Udang.JPG/120px-Fried_Krupuk_Udang.JPG,"[""https://upload.wikimedia.org/wikipedia/commons/thumb/a/ab/Fried_Krupuk_Udang.JPG/120px-Fried_Krupuk_Udang.JPG""]","Bánh làm từ bột gạo và tôm, được chiên giòn lên.","Bánh làm từ bột gạo và tôm, được chiên giòn lên.",,,,,0,Miền Nam,Bánh bột gạo,Bánh mặn
Bánh bò,29f72bdf-6cd5-44e6-87fc-662ab65d5027,51eb38d6-9728-4d90-b7fe-c2f8236144a2,https://upload.wikimedia.org/wikipedia/commons/thumb/d/da/B%C3%A1nh_B%C3%B2_M%C3%A0u_rice_cake.jpg/120px-B%C3%A1nh_B%C3%B2_M%C3%A0u_rice_cake.jpg,"Bánh xốp làm từ: bột gạo, nước, đường và men. Mặt bánh có rất nhiều bong bóng nhỏ do có nhiều lỗ khí trong bánh [ 8 ]",https://upload.wikimedia.org/wikipedia/commons/thumb/d/da/B%C3%A1nh_B%C3%B2_M%C3%A0u_rice_cake.jpg/120px-B%C3%A1nh_B%C3%B2_M%C3%A0u_rice_cake.jpg,"[""https://upload.wikimedia.org/wikipedia/commons/thumb/d/da/B%C3%A1nh_B%C3%B2_M%C3%A0u_rice_cake.jpg/120px-B%C3%A1nh_B%C3%B2_M%C3%A0u_rice_cake.jpg""]","Bánh xốp làm từ: bột gạo, nước, đường và men. Mặt bánh có rất nhiều bong bóng nhỏ do có nhiều lỗ khí trong bánh [ 8 ]","Bánh xốp làm từ: bột gạo, nước, đường và men. Mặt bánh có rất nhiều bong bóng nhỏ do có nhiều lỗ khí trong bánh [ 8 ]",,,,,0,Miền Nam,Bánh ngọt,Bánh ngọt
Bánh cáy,29f72bdf-6cd5-44e6-87fc-662ab65d5027,a38921f9-bf2c-43b1-916f-1f20bd81e93f,https://upload.wikimedia.org/wikipedia/commons/thumb/e/e6/B%C3%A1nh_c%C3%A1y.JPG/120px-B%C3%A1nh_c%C3%A1y.JPG,"Bằng gạo nếp, và các nguyên liệu phụ khác như: gấc hoặc là lá dành dành, lạc, vừng, cà rốt, gừng, vỏ quýt, mỡ lợn.",https://upload.wikimedia.org/wikipedia/commons/thumb/e/e6/B%C3%A1nh_c%C3%A1y.JPG/120px-B%C3%A1nh_c%C3%A1y.JPG,"[""https://upload.wikimedia.org/wikipedia/commons/thumb/e/e6/B%C3%A1nh_c%C3%A1y.JPG/120px-B%C3%A1nh_c%C3%A1y.JPG""]","Bằng gạo nếp, và các nguyên liệu phụ khác như: gấc hoặc là lá dành dành, lạc, vừng, cà rốt, gừng, vỏ quýt, mỡ lợn.","Bằng gạo nếp, và các nguyên liệu phụ khác như: gấc hoặc là lá dành dành, lạc, vừng, cà rốt, gừng, vỏ quýt, mỡ lợn.",,,,,0,Thái Bình,Bánh ngọt,Bánh ngọt
Bánh chuối,29f72bdf-6cd5-44e6-87fc-662ab65d5027,096cb2da-4203-4c2b-a0b6-c26377e0b9a0,https://upload.wikimedia.org/wikipedia/commons/thumb/a/a4/Best_banana_pancake_Hoi_An%2C_Vietnam.jpg/120px-Best_banana_pancake_Hoi_An%2C_Vietnam.jpg,Bánh bột nhân chuối [ 12 ],https://upload.wikimedia.org/wikipedia/commons/thumb/a/a4/Best_banana_pancake_Hoi_An%2C_Vietnam.jpg/120px-Best_banana_pancake_Hoi_An%2C_Vietnam.jpg,"[""https://upload.wikimedia.org/wikipedia/commons/thumb/a/a4/Best_banana_pancake_Hoi_An%2C_Vietnam.jpg/120px-Best_banana_pancake_Hoi_An%2C_Vietnam.jpg""]",Bánh bột nhân chuối [ 12 ],Bánh bột nhân chuối [ 12 ],,,,,0,Khắp cả nước,Bánh ngọt,Bánh ngọt
Bánh cốm,29f72bdf-6cd5-44e6-87fc-662ab65d5027,97a6dbe2-3e11-4e93-b238-5648a1fc93aa,https://upload.wikimedia.org/wikipedia/commons/thumb/7/7d/Banh_com.png/120px-Banh_com.png,"Làm từ cốm , nhân đậu xanh, dừa nạo và mứt bí hoặc mứt sen trần, thường dùng cho lễ ăn hỏi. Cốm được trộn nước theo tỷ lệ nhất định, đảo đều trên lửa, hoặc hấp chín trộn chút đường và nước hoa bưởi.",https://upload.wikimedia.org/wikipedia/commons/thumb/7/7d/Banh_com.png/120px-Banh_com.png,"[""https://upload.wikimedia.org/wikipedia/commons/thumb/7/7d/Banh_com.png/120px-Banh_com.png""]","Làm từ cốm , nhân đậu xanh, dừa nạo và mứt bí hoặc mứt sen trần, thường dùng cho lễ ăn hỏi. Cốm được trộn nước theo tỷ l","Làm từ cốm , nhân đậu xanh, dừa nạo và mứt bí hoặc mứt sen trần, thường dùng cho lễ ăn hỏi. Cốm được trộn nước theo tỷ lệ nhất định, đảo đều trên lửa, hoặc hấp chín trộn chút đường và nước hoa bưởi.",,,,,0,Hà Nội,Bánh ngọt,Bánh ngọt
Bánh giầy đỗ Bánh giầy đậu,29f72bdf-6cd5-44e6-87fc-662ab65d5027,c6ef84fe-e7ac-41b0-b338-1d0775331eb1,https://upload.wikimedia.org/wikipedia/commons/thumb/1/12/B%C3%A1nh_d%C3%A0y_%C4%91%E1%BB%97.jpg/120px-B%C3%A1nh_d%C3%A0y_%C4%91%E1%BB%97.jpg,"Bằng bột nếp hoặc xôi đồ chín giã nguyễn trong có nhân đậu xanh sên đường và bánh được phủ một lớp đậu xanh luộc, nghiền mịn, không đường ở ngoài.",https://upload.wikimedia.org/wikipedia/commons/thumb/1/12/B%C3%A1nh_d%C3%A0y_%C4%91%E1%BB%97.jpg/120px-B%C3%A1nh_d%C3%A0y_%C4%91%E1%BB%97.jpg,"[""https://upload.wikimedia.org/wikipedia/commons/thumb/1/12/B%C3%A1nh_d%C3%A0y_%C4%91%E1%BB%97.jpg/120px-B%C3%A1nh_d%C3%A0y_%C4%91%E1%BB%97.jpg""]","Bằng bột nếp hoặc xôi đồ chín giã nguyễn trong có nhân đậu xanh sên đường và bánh được phủ một lớp đậu xanh luộc, nghiền","Bằng bột nếp hoặc xôi đồ chín giã nguyễn trong có nhân đậu xanh sên đường và bánh được phủ một lớp đậu xanh luộc, nghiền mịn, không đường ở ngoài.",,,,,0,Miền Bắc,Bánh ngọt,Bánh ngọt
Bánh da lợn,29f72bdf-6cd5-44e6-87fc-662ab65d5027,51eb38d6-9728-4d90-b7fe-c2f8236144a2,https://upload.wikimedia.org/wikipedia/commons/thumb/3/3f/B%C3%A1nh_da_l%E1%BB%A3n_s%E1%BA%A7u_ri%C3%AAng.jpg/120px-B%C3%A1nh_da_l%E1%BB%A3n_s%E1%BA%A7u_ri%C3%AAng.jpg,"Bằng bột năng, đường trắng, dừa nạo, va ni hay lá dứa và một số gia vị khác. Nhân bánh được làm từ đậu xanh, khoai môn nghiền mịn hoặc bào sợi hấp chín và bột gạo, đường",https://upload.wikimedia.org/wikipedia/commons/thumb/3/3f/B%C3%A1nh_da_l%E1%BB%A3n_s%E1%BA%A7u_ri%C3%AAng.jpg/120px-B%C3%A1nh_da_l%E1%BB%A3n_s%E1%BA%A7u_ri%C3%AAng.jpg,"[""https://upload.wikimedia.org/wikipedia/commons/thumb/3/3f/B%C3%A1nh_da_l%E1%BB%A3n_s%E1%BA%A7u_ri%C3%AAng.jpg/120px-B%C3%A1nh_da_l%E1%BB%A3n_s%E1%BA%A7u_ri%C3%AAng.jpg""]","Bằng bột năng, đường trắng, dừa nạo, va ni hay lá dứa và một số gia vị khác. Nhân bánh được làm từ đậu xanh, khoai môn n","Bằng bột năng, đường trắng, dừa nạo, va ni hay lá dứa và một số gia vị khác. Nhân bánh được làm từ đậu xanh, khoai môn nghiền mịn hoặc bào sợi hấp chín và bột gạo, đường",,,,,0,Miền Nam,Bánh ngọt,Bánh ngọt
Bánh đậu xanh,29f72bdf-6cd5-44e6-87fc-662ab65d5027,788aeac0-5766-4314-b4ac-876c194a29b8,https://upload.wikimedia.org/wikipedia/commons/thumb/9/90/B%C3%A1nh_%C4%91%E1%BA%ADu_xanh.jpg/120px-B%C3%A1nh_%C4%91%E1%BA%ADu_xanh.jpg,"Làm từ bột đậu xanh quyết nhuyễn với đường và dầu thực vật hay mỡ động vật, thường là mỡ heo. Bánh được cắt thành từng khối vuông nhỏ, gói giấy bạc thành hộp nhỏ hay gói giấy thấm mỡ thành từng thỏi",https://upload.wikimedia.org/wikipedia/commons/thumb/9/90/B%C3%A1nh_%C4%91%E1%BA%ADu_xanh.jpg/120px-B%C3%A1nh_%C4%91%E1%BA%ADu_xanh.jpg,"[""https://upload.wikimedia.org/wikipedia/commons/thumb/9/90/B%C3%A1nh_%C4%91%E1%BA%ADu_xanh.jpg/120px-B%C3%A1nh_%C4%91%E1%BA%ADu_xanh.jpg""]","Làm từ bột đậu xanh quyết nhuyễn với đường và dầu thực vật hay mỡ động vật, thường là mỡ heo. Bánh được cắt thành từng k","Làm từ bột đậu xanh quyết nhuyễn với đường và dầu thực vật hay mỡ động vật, thường là mỡ heo. Bánh được cắt thành từng khối vuông nhỏ, gói giấy bạc thành hộp nhỏ hay gói giấy thấm mỡ thành từng thỏi",,,,,0,Hải Dương,Bánh ngọt,Bánh ngọt
Bánh flan,29f72bdf-6cd5-44e6-87fc-662ab65d5027,096cb2da-4203-4c2b-a0b6-c26377e0b9a0,https://upload.wikimedia.org/wikipedia/commons/thumb/3/32/Homemadeflan.jpg/120px-Homemadeflan.jpg,"Bánh được hấp chín từ các nguyên liệu chính là trứng và sữa, caramel",https://upload.wikimedia.org/wikipedia/commons/thumb/3/32/Homemadeflan.jpg/120px-Homemadeflan.jpg,"[""https://upload.wikimedia.org/wikipedia/commons/thumb/3/32/Homemadeflan.jpg/120px-Homemadeflan.jpg""]","Bánh được hấp chín từ các nguyên liệu chính là trứng và sữa, caramel","Bánh được hấp chín từ các nguyên liệu chính là trứng và sữa, caramel",,,,,0,Khắp cả nước,Bánh ngọt,Bánh ngọt
Bánh gai,29f72bdf-6cd5-44e6-87fc-662ab65d5027,c6ef84fe-e7ac-41b0-b338-1d0775331eb1,https://upload.wikimedia.org/wikipedia/commons/thumb/2/20/Banh_gai_3.jpg/120px-Banh_gai_3.jpg,"Vỏ bánh là bột gạo nếp và lá cây gai, nhân bánh mỡ lợn thái nhỏ, tinh dầu chuối, cơm dừa, đỗ xanh nấu chín. Bánh có dạng hình vuông, màu đen, gói trong lá gai nâu",https://upload.wikimedia.org/wikipedia/commons/thumb/2/20/Banh_gai_3.jpg/120px-Banh_gai_3.jpg,"[""https://upload.wikimedia.org/wikipedia/commons/thumb/2/20/Banh_gai_3.jpg/120px-Banh_gai_3.jpg""]","Vỏ bánh là bột gạo nếp và lá cây gai, nhân bánh mỡ lợn thái nhỏ, tinh dầu chuối, cơm dừa, đỗ xanh nấu chín. Bánh có dạng","Vỏ bánh là bột gạo nếp và lá cây gai, nhân bánh mỡ lợn thái nhỏ, tinh dầu chuối, cơm dừa, đỗ xanh nấu chín. Bánh có dạng hình vuông, màu đen, gói trong lá gai nâu",,,,,0,Miền Bắc,Bánh ngọt,Bánh ngọt
Bánh tro,29f72bdf-6cd5-44e6-87fc-662ab65d5027,c6ef84fe-e7ac-41b0-b338-1d0775331eb1,https://upload.wikimedia.org/wikipedia/commons/thumb/d/d1/B%C3%A1nh_gio.jpg/120px-B%C3%A1nh_gio.jpg,"Một số loại lá được đốt lên lấy tro để ngâm cùng với gạo nếp tạo ra màu nâu vàng như màu hổ phách cũng như hương vị đặc trưng của bánh. Phổ biến nhất vẫn là cách gói bánh thuôn dài. Bánh ăn chấm đường hoặc mật ong ,mật mía.",https://upload.wikimedia.org/wikipedia/commons/thumb/d/d1/B%C3%A1nh_gio.jpg/120px-B%C3%A1nh_gio.jpg,"[""https://upload.wikimedia.org/wikipedia/commons/thumb/d/d1/B%C3%A1nh_gio.jpg/120px-B%C3%A1nh_gio.jpg""]",Một số loại lá được đốt lên lấy tro để ngâm cùng với gạo nếp tạo ra màu nâu vàng như màu hổ phách cũng như hương vị đặc ,"Một số loại lá được đốt lên lấy tro để ngâm cùng với gạo nếp tạo ra màu nâu vàng như màu hổ phách cũng như hương vị đặc trưng của bánh. Phổ biến nhất vẫn là cách gói bánh thuôn dài. Bánh ăn chấm đường hoặc mật ong ,mật mía.",,,,,0,Miền Bắc,Bánh ngọt,Bánh ngọt
Bánh in,29f72bdf-6cd5-44e6-87fc-662ab65d5027,6fc8742d-40d6-43f9-9fd1-f497b4f62ddc,https://upload.wikimedia.org/wikipedia/commons/thumb/4/42/B%C3%A1nh_in.JPG/120px-B%C3%A1nh_in.JPG,"Được làm từ bột năng, bột nếp, đậu xanh, đường, các nguyên liệu khác và được ép, đúc thành khuôn mặt đáy của bánh khó khắc các hình chữ Thọ, Phúc, Lộc và gói trong giấy ngũ sắc. Đây là loại bánh để dùng trong ngày Tết , phục vụ việc thờ cúng và đãi khách",https://upload.wikimedia.org/wikipedia/commons/thumb/4/42/B%C3%A1nh_in.JPG/120px-B%C3%A1nh_in.JPG,"[""https://upload.wikimedia.org/wikipedia/commons/thumb/4/42/B%C3%A1nh_in.JPG/120px-B%C3%A1nh_in.JPG""]","Được làm từ bột năng, bột nếp, đậu xanh, đường, các nguyên liệu khác và được ép, đúc thành khuôn mặt đáy của bánh khó kh","Được làm từ bột năng, bột nếp, đậu xanh, đường, các nguyên liệu khác và được ép, đúc thành khuôn mặt đáy của bánh khó khắc các hình chữ Thọ, Phúc, Lộc và gói trong giấy ngũ sắc. Đây là loại bánh để dùng trong ngày Tết , phục vụ việc thờ cúng và đãi khách",,,,,0,Huế,Bánh ngọt,Bánh ngọt
Bánh kẹp lá dứa,29f72bdf-6cd5-44e6-87fc-662ab65d5027,096cb2da-4203-4c2b-a0b6-c26377e0b9a0,https://upload.wikimedia.org/wikipedia/commons/thumb/4/4c/Pandan_waffle.jpg/120px-Pandan_waffle.jpg,Bánh quế,https://upload.wikimedia.org/wikipedia/commons/thumb/4/4c/Pandan_waffle.jpg/120px-Pandan_waffle.jpg,"[""https://upload.wikimedia.org/wikipedia/commons/thumb/4/4c/Pandan_waffle.jpg/120px-Pandan_waffle.jpg""]",Bánh quế,Bánh quế,,,,,0,Khắp cả nước,Bánh ngọt,Bánh ngọt
Bánh khoai mì,29f72bdf-6cd5-44e6-87fc-662ab65d5027,096cb2da-4203-4c2b-a0b6-c26377e0b9a0,,Bánh làm từ khoai mì,,[],Bánh làm từ khoai mì,Bánh làm từ khoai mì,,,,,0,,Bánh ngọt,Bánh ngọt
Bánh khảo,29f72bdf-6cd5-44e6-87fc-662ab65d5027,788aeac0-5766-4314-b4ac-876c194a29b8,https://upload.wikimedia.org/wikipedia/commons/thumb/e/e6/B%C3%A1nh_kh%E1%BA%A3o.jpg/120px-B%C3%A1nh_kh%E1%BA%A3o.jpg,"Bột nếp rang với đường, nhân là mứt bí và mỡ phần",https://upload.wikimedia.org/wikipedia/commons/thumb/e/e6/B%C3%A1nh_kh%E1%BA%A3o.jpg/120px-B%C3%A1nh_kh%E1%BA%A3o.jpg,"[""https://upload.wikimedia.org/wikipedia/commons/thumb/e/e6/B%C3%A1nh_kh%E1%BA%A3o.jpg/120px-B%C3%A1nh_kh%E1%BA%A3o.jpg""]","Bột nếp rang với đường, nhân là mứt bí và mỡ phần","Bột nếp rang với đường, nhân là mứt bí và mỡ phần",,,,,0,Miền Bắc ( Hải Dương ),Bánh ngọt,Bánh ngọt
Bánh lọt,29f72bdf-6cd5-44e6-87fc-662ab65d5027,51eb38d6-9728-4d90-b7fe-c2f8236144a2,https://upload.wikimedia.org/wikipedia/commons/thumb/0/00/Chendol_at_Cendol_Melaka%2C_Changi_Village.jpg/120px-Chendol_at_Cendol_Melaka%2C_Changi_Village.jpg,"Bằng bột gạo cùng bột năng có mùi thơm của nước cốt dừa, đường thắng, màu xanh trắng của lá dứa, vị man mát",https://upload.wikimedia.org/wikipedia/commons/thumb/0/00/Chendol_at_Cendol_Melaka%2C_Changi_Village.jpg/120px-Chendol_at_Cendol_Melaka%2C_Changi_Village.jpg,"[""https://upload.wikimedia.org/wikipedia/commons/thumb/0/00/Chendol_at_Cendol_Melaka%2C_Changi_Village.jpg/120px-Chendol_at_Cendol_Melaka%2C_Changi_Village.jpg""]","Bằng bột gạo cùng bột năng có mùi thơm của nước cốt dừa, đường thắng, màu xanh trắng của lá dứa, vị man mát","Bằng bột gạo cùng bột năng có mùi thơm của nước cốt dừa, đường thắng, màu xanh trắng của lá dứa, vị man mát",,,,,0,Miền Nam,Bánh ngọt,Bánh ngọt
Bánh mật,29f72bdf-6cd5-44e6-87fc-662ab65d5027,c6ef84fe-e7ac-41b0-b338-1d0775331eb1,https://upload.wikimedia.org/wikipedia/commons/thumb/3/38/B%C3%A1nh_m%E1%BA%ADt01.jpg/120px-B%C3%A1nh_m%E1%BA%ADt01.jpg,Làm từ bột gạo nếp trộn mật nhân đậu xanh gói lá chuối đồ bằng chõ,https://upload.wikimedia.org/wikipedia/commons/thumb/3/38/B%C3%A1nh_m%E1%BA%ADt01.jpg/120px-B%C3%A1nh_m%E1%BA%ADt01.jpg,"[""https://upload.wikimedia.org/wikipedia/commons/thumb/3/38/B%C3%A1nh_m%E1%BA%ADt01.jpg/120px-B%C3%A1nh_m%E1%BA%ADt01.jpg""]",Làm từ bột gạo nếp trộn mật nhân đậu xanh gói lá chuối đồ bằng chõ,Làm từ bột gạo nếp trộn mật nhân đậu xanh gói lá chuối đồ bằng chõ,,,,,0,Miền Bắc,Bánh nếp,Bánh ngọt
Bánh nhãn,29f72bdf-6cd5-44e6-87fc-662ab65d5027,794fd494-0824-4b3c-b460-b4c9d4102c3f,https://upload.wikimedia.org/wikipedia/commons/thumb/0/05/Banh_nhan.jpg/120px-Banh_nhan.jpg,"Bằng bột làm từ loại gạo nếp hương hay nếp cái hoa vàng Hải Hậu. Ngoài ra cần phải có trứng gà, đường trắng (hoặc đường phèn) và mỡ lợn",https://upload.wikimedia.org/wikipedia/commons/thumb/0/05/Banh_nhan.jpg/120px-Banh_nhan.jpg,"[""https://upload.wikimedia.org/wikipedia/commons/thumb/0/05/Banh_nhan.jpg/120px-Banh_nhan.jpg""]","Bằng bột làm từ loại gạo nếp hương hay nếp cái hoa vàng Hải Hậu. Ngoài ra cần phải có trứng gà, đường trắng (hoặc đường ","Bằng bột làm từ loại gạo nếp hương hay nếp cái hoa vàng Hải Hậu. Ngoài ra cần phải có trứng gà, đường trắng (hoặc đường phèn) và mỡ lợn",,,,,0,Nam Định,Bánh ngọt,Bánh ngọt
Bánh pía,29f72bdf-6cd5-44e6-87fc-662ab65d5027,35727751-0e3d-4ed9-a2fd-1c41b799bda4,https://upload.wikimedia.org/wikipedia/commons/thumb/4/4c/B%C3%A1nh_p%C3%ADa.JPG/120px-B%C3%A1nh_p%C3%ADa.JPG,"Được làm bằng bột mì, sầu riêng, lòng đỏ trứng",https://upload.wikimedia.org/wikipedia/commons/thumb/4/4c/B%C3%A1nh_p%C3%ADa.JPG/120px-B%C3%A1nh_p%C3%ADa.JPG,"[""https://upload.wikimedia.org/wikipedia/commons/thumb/4/4c/B%C3%A1nh_p%C3%ADa.JPG/120px-B%C3%A1nh_p%C3%ADa.JPG""]","Được làm bằng bột mì, sầu riêng, lòng đỏ trứng","Được làm bằng bột mì, sầu riêng, lòng đỏ trứng",,,,,0,Cần Thơ,Bánh ngọt,Bánh ngọt
Bánh phu thê,29f72bdf-6cd5-44e6-87fc-662ab65d5027,7e803158-5a0d-4b93-890e-800e9534352b,https://upload.wikimedia.org/wikipedia/commons/thumb/7/7b/B%C3%A1nh_phu_th%C3%AA.jpg/120px-B%C3%A1nh_phu_th%C3%AA.jpg,"Tinh bột gạo nếp lọc ra đem xay cho thật nhuyễn rồi phơi hoặc sấy khô, nhân bánh là đỗ xanh ngâm kỹ đãi sạch vỏ. Đem hấp chín, nghiền mịn, thắng với đường và trộn lẫn vài sợi dừa đã được nạo nhỏ",https://upload.wikimedia.org/wikipedia/commons/thumb/7/7b/B%C3%A1nh_phu_th%C3%AA.jpg/120px-B%C3%A1nh_phu_th%C3%AA.jpg,"[""https://upload.wikimedia.org/wikipedia/commons/thumb/7/7b/B%C3%A1nh_phu_th%C3%AA.jpg/120px-B%C3%A1nh_phu_th%C3%AA.jpg""]","Tinh bột gạo nếp lọc ra đem xay cho thật nhuyễn rồi phơi hoặc sấy khô, nhân bánh là đỗ xanh ngâm kỹ đãi sạch vỏ. Đem hấp","Tinh bột gạo nếp lọc ra đem xay cho thật nhuyễn rồi phơi hoặc sấy khô, nhân bánh là đỗ xanh ngâm kỹ đãi sạch vỏ. Đem hấp chín, nghiền mịn, thắng với đường và trộn lẫn vài sợi dừa đã được nạo nhỏ",,,,,0,Bắc Ninh,Bánh nếp,Bánh ngọt
Bánh rế,29f72bdf-6cd5-44e6-87fc-662ab65d5027,70b15bcc-42b5-4093-972c-26c38dd5238b,https://upload.wikimedia.org/wikipedia/commons/thumb/a/a3/B%C3%A1nh_r%E1%BA%BF.jpg/120px-B%C3%A1nh_r%E1%BA%BF.jpg,Làm bằng khoai lang và đường nấu chảy được tưới lên mặt bánh như cái rế,https://upload.wikimedia.org/wikipedia/commons/thumb/a/a3/B%C3%A1nh_r%E1%BA%BF.jpg/120px-B%C3%A1nh_r%E1%BA%BF.jpg,"[""https://upload.wikimedia.org/wikipedia/commons/thumb/a/a3/B%C3%A1nh_r%E1%BA%BF.jpg/120px-B%C3%A1nh_r%E1%BA%BF.jpg""]",Làm bằng khoai lang và đường nấu chảy được tưới lên mặt bánh như cái rế,Làm bằng khoai lang và đường nấu chảy được tưới lên mặt bánh như cái rế,,,,,0,Bình Thuận,Bánh khoai,Bánh ngọt
Bánh rán,29f72bdf-6cd5-44e6-87fc-662ab65d5027,c6ef84fe-e7ac-41b0-b338-1d0775331eb1,https://upload.wikimedia.org/wikipedia/commons/thumb/a/a4/Banhran.jpg/120px-Banhran.jpg,"Bằng gạo nếp viên tròn nhân đỗ xanh xay nhuyễn, chiên vàng giòn ngập mỡ, thường có nhân ngọt hoặc phủ đường bên ngoài [ 8 ] [ 12 ]",https://upload.wikimedia.org/wikipedia/commons/thumb/a/a4/Banhran.jpg/120px-Banhran.jpg,"[""https://upload.wikimedia.org/wikipedia/commons/thumb/a/a4/Banhran.jpg/120px-Banhran.jpg""]","Bằng gạo nếp viên tròn nhân đỗ xanh xay nhuyễn, chiên vàng giòn ngập mỡ, thường có nhân ngọt hoặc phủ đường bên ngoài [ ","Bằng gạo nếp viên tròn nhân đỗ xanh xay nhuyễn, chiên vàng giòn ngập mỡ, thường có nhân ngọt hoặc phủ đường bên ngoài [ 8 ] [ 12 ]",,,,,0,Miền Bắc,Bánh nếp,Bánh ngọt
Bánh tai heo,29f72bdf-6cd5-44e6-87fc-662ab65d5027,096cb2da-4203-4c2b-a0b6-c26377e0b9a0,https://upload.wikimedia.org/wikipedia/commons/thumb/2/26/B%C3%A1nh_tai_heo_trong_khay_m%E1%BB%A9t_ng%C3%A0y_t%E1%BA%BFt.jpg/120px-B%C3%A1nh_tai_heo_trong_khay_m%E1%BB%A9t_ng%C3%A0y_t%E1%BA%BFt.jpg,"Làm từ bột mì, đường cát, mè trắng, sữa đặc, trứng gà, bơ, vani, dầu ăn, muối, nước... và được chế biến theo phương pháp chiên giòn. Bánh có vị mặn, bùi ngọt và rất dòn, khô.",https://upload.wikimedia.org/wikipedia/commons/thumb/2/26/B%C3%A1nh_tai_heo_trong_khay_m%E1%BB%A9t_ng%C3%A0y_t%E1%BA%BFt.jpg/120px-B%C3%A1nh_tai_heo_trong_khay_m%E1%BB%A9t_ng%C3%A0y_t%E1%BA%BFt.jpg,"[""https://upload.wikimedia.org/wikipedia/commons/thumb/2/26/B%C3%A1nh_tai_heo_trong_khay_m%E1%BB%A9t_ng%C3%A0y_t%E1%BA%BFt.jpg/120px-B%C3%A1nh_tai_heo_trong_khay_m%E1%BB%A9t_ng%C3%A0y_t%E1%BA%BFt.jpg""]","Làm từ bột mì, đường cát, mè trắng, sữa đặc, trứng gà, bơ, vani, dầu ăn, muối, nước... và được chế biến theo phương pháp","Làm từ bột mì, đường cát, mè trắng, sữa đặc, trứng gà, bơ, vani, dầu ăn, muối, nước... và được chế biến theo phương pháp chiên giòn. Bánh có vị mặn, bùi ngọt và rất dòn, khô.",,,,,0,Khắp cả nước,Bánh rán,Bánh ngọt
Bánh trôi Bánh chay,29f72bdf-6cd5-44e6-87fc-662ab65d5027,c6ef84fe-e7ac-41b0-b338-1d0775331eb1,https://upload.wikimedia.org/wikipedia/commons/thumb/7/7a/Banhtroi.JPG/120px-Banhtroi.JPG,"Bằng bột của cả gạo nếp lẫn gạo tẻ, đường phên, nước hoa bưởi, dừa nạo, vừng (mè) đã xát vỏ. Đối với riêng bánh chay thì thêm đỗ xanh, đường cát, bột đao hoặc bột sắn dây, chút gừng giã nhỏ vắt lấy nước.",https://upload.wikimedia.org/wikipedia/commons/thumb/7/7a/Banhtroi.JPG/120px-Banhtroi.JPG,"[""https://upload.wikimedia.org/wikipedia/commons/thumb/7/7a/Banhtroi.JPG/120px-Banhtroi.JPG""]","Bằng bột của cả gạo nếp lẫn gạo tẻ, đường phên, nước hoa bưởi, dừa nạo, vừng (mè) đã xát vỏ. Đối với riêng bánh chay thì","Bằng bột của cả gạo nếp lẫn gạo tẻ, đường phên, nước hoa bưởi, dừa nạo, vừng (mè) đã xát vỏ. Đối với riêng bánh chay thì thêm đỗ xanh, đường cát, bột đao hoặc bột sắn dây, chút gừng giã nhỏ vắt lấy nước.",,,,,0,Miền Bắc,Bánh,Bánh ngọt
"Bánh trung thu Bánh nướng , Bánh dẻo",29f72bdf-6cd5-44e6-87fc-662ab65d5027,096cb2da-4203-4c2b-a0b6-c26377e0b9a0,https://upload.wikimedia.org/wikipedia/commons/thumb/5/58/Vietnam_Grilled_moon_cake.JPG/120px-Vietnam_Grilled_moon_cake.JPG,"Bánh truyền thống trong Tết Trung thu thường gồm có một lớp vỏ mỏng (bề dày không quá 1 cm), làm bằng bột mì, ít hương vị, bao bọc khối nhân rất ngọt và hơi có dầu [ 8 ]",https://upload.wikimedia.org/wikipedia/commons/thumb/5/58/Vietnam_Grilled_moon_cake.JPG/120px-Vietnam_Grilled_moon_cake.JPG,"[""https://upload.wikimedia.org/wikipedia/commons/thumb/5/58/Vietnam_Grilled_moon_cake.JPG/120px-Vietnam_Grilled_moon_cake.JPG""]","Bánh truyền thống trong Tết Trung thu thường gồm có một lớp vỏ mỏng (bề dày không quá 1 cm), làm bằng bột mì, ít hương v","Bánh truyền thống trong Tết Trung thu thường gồm có một lớp vỏ mỏng (bề dày không quá 1 cm), làm bằng bột mì, ít hương vị, bao bọc khối nhân rất ngọt và hơi có dầu [ 8 ]",,,,,0,Khắp cả nước,Bánh ngọt,Bánh ngọt
Bò bảy món,9801fc29-f950-48b0-9e30-dc271824db9e,51eb38d6-9728-4d90-b7fe-c2f8236144a2,https://upload.wikimedia.org/wikipedia/commons/thumb/1/12/B%C3%B2_7_m%C3%B3n.jpg/120px-B%C3%B2_7_m%C3%B3n.jpg,"7 món nấu từ thịt bò: Gỏi bò, Bò chả đùm, Bò nhúng dấm, Bò nướng mỡ chài, Bò lá lốt, Bò nướng hành, Cháo Bò",https://upload.wikimedia.org/wikipedia/commons/thumb/1/12/B%C3%B2_7_m%C3%B3n.jpg/120px-B%C3%B2_7_m%C3%B3n.jpg,"[""https://upload.wikimedia.org/wikipedia/commons/thumb/1/12/B%C3%B2_7_m%C3%B3n.jpg/120px-B%C3%B2_7_m%C3%B3n.jpg""]","7 món nấu từ thịt bò: Gỏi bò, Bò chả đùm, Bò nhúng dấm, Bò nướng mỡ chài, Bò lá lốt, Bò nướng hành, Cháo Bò","7 món nấu từ thịt bò: Gỏi bò, Bò chả đùm, Bò nhúng dấm, Bò nướng mỡ chài, Bò lá lốt, Bò nướng hành, Cháo Bò",,,,,0,Miền Nam,Món thịt,Biến tấu
Bò sốt vang,9801fc29-f950-48b0-9e30-dc271824db9e,096cb2da-4203-4c2b-a0b6-c26377e0b9a0,https://upload.wikimedia.org/wikipedia/commons/thumb/b/b1/B%C3%B2_s%E1%BB%91t_vang_ng%C3%A0y_21_th%C3%A1ng_1_n%C4%83m_2019_%282%29.jpg/120px-B%C3%B2_s%E1%BB%91t_vang_ng%C3%A0y_21_th%C3%A1ng_1_n%C4%83m_2019_%282%29.jpg,"Thịt bò được nấu với rau củ, rượu vang cho đặc sánh lại. Là món ẩm thực Pháp nhưng được Việt hóa và trở thành đặc trưng của Việt Nam",https://upload.wikimedia.org/wikipedia/commons/thumb/b/b1/B%C3%B2_s%E1%BB%91t_vang_ng%C3%A0y_21_th%C3%A1ng_1_n%C4%83m_2019_%282%29.jpg/120px-B%C3%B2_s%E1%BB%91t_vang_ng%C3%A0y_21_th%C3%A1ng_1_n%C4%83m_2019_%282%29.jpg,"[""https://upload.wikimedia.org/wikipedia/commons/thumb/b/b1/B%C3%B2_s%E1%BB%91t_vang_ng%C3%A0y_21_th%C3%A1ng_1_n%C4%83m_2019_%282%29.jpg/120px-B%C3%B2_s%E1%BB%91t_vang_ng%C3%A0y_21_th%C3%A1ng_1_n%C4%83m_2019_%282%29.jpg""]","Thịt bò được nấu với rau củ, rượu vang cho đặc sánh lại. Là món ẩm thực Pháp nhưng được Việt hóa và trở thành đặc trưng ","Thịt bò được nấu với rau củ, rượu vang cho đặc sánh lại. Là món ẩm thực Pháp nhưng được Việt hóa và trở thành đặc trưng của Việt Nam",,,,,0,Khắp cả nước,Món thịt,Biến tấu
Bò nướng lá lốt,9801fc29-f950-48b0-9e30-dc271824db9e,096cb2da-4203-4c2b-a0b6-c26377e0b9a0,https://upload.wikimedia.org/wikipedia/commons/thumb/f/f0/Banh_Hoi_Bo_La_Lot.jpg/120px-Banh_Hoi_Bo_La_Lot.jpg,Thịt bò xay cuộn lá lốt,https://upload.wikimedia.org/wikipedia/commons/thumb/f/f0/Banh_Hoi_Bo_La_Lot.jpg/120px-Banh_Hoi_Bo_La_Lot.jpg,"[""https://upload.wikimedia.org/wikipedia/commons/thumb/f/f0/Banh_Hoi_Bo_La_Lot.jpg/120px-Banh_Hoi_Bo_La_Lot.jpg""]",Thịt bò xay cuộn lá lốt,Thịt bò xay cuộn lá lốt,,,,,0,Khắp cả nước,Món thịt,Biến tấu
Cá lóc nướng trui,9801fc29-f950-48b0-9e30-dc271824db9e,51eb38d6-9728-4d90-b7fe-c2f8236144a2,https://upload.wikimedia.org/wikipedia/commons/thumb/f/fa/C%C3%A1_l%C3%B3c_n%C6%B0%E1%BB%9Bng_trui.JPG/120px-C%C3%A1_l%C3%B3c_n%C6%B0%E1%BB%9Bng_trui.JPG,"Cá không cần sơ chế (không đánh vảy, cạo nhớt, mổ bụng, tẩm ướp gia vị) vừa bắt dưới sông lên, rửa sạch, được xuyên bằng một que dài từ miệng đến đuôi, vùi cá vào đống rơm khô rồi châm lửa đốt.",https://upload.wikimedia.org/wikipedia/commons/thumb/f/fa/C%C3%A1_l%C3%B3c_n%C6%B0%E1%BB%9Bng_trui.JPG/120px-C%C3%A1_l%C3%B3c_n%C6%B0%E1%BB%9Bng_trui.JPG,"[""https://upload.wikimedia.org/wikipedia/commons/thumb/f/fa/C%C3%A1_l%C3%B3c_n%C6%B0%E1%BB%9Bng_trui.JPG/120px-C%C3%A1_l%C3%B3c_n%C6%B0%E1%BB%9Bng_trui.JPG""]","Cá không cần sơ chế (không đánh vảy, cạo nhớt, mổ bụng, tẩm ướp gia vị) vừa bắt dưới sông lên, rửa sạch, được xuyên bằng","Cá không cần sơ chế (không đánh vảy, cạo nhớt, mổ bụng, tẩm ướp gia vị) vừa bắt dưới sông lên, rửa sạch, được xuyên bằng một que dài từ miệng đến đuôi, vùi cá vào đống rơm khô rồi châm lửa đốt.",,,,,0,Miền Nam,Món cá,Biến tấu
Chả cá thát lát,9801fc29-f950-48b0-9e30-dc271824db9e,b6e91f60-731f-4a89-92b9-ebb196fbf135,https://upload.wikimedia.org/wikipedia/commons/thumb/2/21/Ch%E1%BA%A3_c%C3%A1_th%C3%A1t_l%C3%A1t_chi%C3%AAn.JPG/120px-Ch%E1%BA%A3_c%C3%A1_th%C3%A1t_l%C3%A1t_chi%C3%AAn.JPG,"Làm từ thịt của cá thát lát , thường là lóc thịt, bỏ da và xương rồi giã hay xay nhuyễn thành chả viên, rồi đem xào, chiên hay làm lẩu.",https://upload.wikimedia.org/wikipedia/commons/thumb/2/21/Ch%E1%BA%A3_c%C3%A1_th%C3%A1t_l%C3%A1t_chi%C3%AAn.JPG/120px-Ch%E1%BA%A3_c%C3%A1_th%C3%A1t_l%C3%A1t_chi%C3%AAn.JPG,"[""https://upload.wikimedia.org/wikipedia/commons/thumb/2/21/Ch%E1%BA%A3_c%C3%A1_th%C3%A1t_l%C3%A1t_chi%C3%AAn.JPG/120px-Ch%E1%BA%A3_c%C3%A1_th%C3%A1t_l%C3%A1t_chi%C3%AAn.JPG""]","Làm từ thịt của cá thát lát , thường là lóc thịt, bỏ da và xương rồi giã hay xay nhuyễn thành chả viên, rồi đem xào, chi","Làm từ thịt của cá thát lát , thường là lóc thịt, bỏ da và xương rồi giã hay xay nhuyễn thành chả viên, rồi đem xào, chiên hay làm lẩu.",,,,,0,"Đắk Lắk , Huế",Chả,Biến tấu
Giả cầy,9801fc29-f950-48b0-9e30-dc271824db9e,c6ef84fe-e7ac-41b0-b338-1d0775331eb1,https://upload.wikimedia.org/wikipedia/commons/thumb/0/01/Gi%E1%BA%A3_c%E1%BA%A7y.jpg/120px-Gi%E1%BA%A3_c%E1%BA%A7y.jpg,"Chân giò lợn đem thui lửa cho vàng rồi đem ninh với giềng, mẻ, mắm tôm, tạo ra hương vị gần giống như thịt chó.",https://upload.wikimedia.org/wikipedia/commons/thumb/0/01/Gi%E1%BA%A3_c%E1%BA%A7y.jpg/120px-Gi%E1%BA%A3_c%E1%BA%A7y.jpg,"[""https://upload.wikimedia.org/wikipedia/commons/thumb/0/01/Gi%E1%BA%A3_c%E1%BA%A7y.jpg/120px-Gi%E1%BA%A3_c%E1%BA%A7y.jpg""]","Chân giò lợn đem thui lửa cho vàng rồi đem ninh với giềng, mẻ, mắm tôm, tạo ra hương vị gần giống như thịt chó.","Chân giò lợn đem thui lửa cho vàng rồi đem ninh với giềng, mẻ, mắm tôm, tạo ra hương vị gần giống như thịt chó.",,,,,0,Miền Bắc,Món thịt,Biến tấu
Mực khô Khô mực,9801fc29-f950-48b0-9e30-dc271824db9e,0439b7ef-0eef-44d0-a527-8802d1694076,https://upload.wikimedia.org/wikipedia/commons/thumb/7/7c/Dried_squid_3.png/120px-Dried_squid_3.png,Mực được sấy khô hoặc phơi nắng rồi đem nướng hoặc rim chua ngọt để dùng kèm với bia.,https://upload.wikimedia.org/wikipedia/commons/thumb/7/7c/Dried_squid_3.png/120px-Dried_squid_3.png,"[""https://upload.wikimedia.org/wikipedia/commons/thumb/7/7c/Dried_squid_3.png/120px-Dried_squid_3.png""]",Mực được sấy khô hoặc phơi nắng rồi đem nướng hoặc rim chua ngọt để dùng kèm với bia.,Mực được sấy khô hoặc phơi nắng rồi đem nướng hoặc rim chua ngọt để dùng kèm với bia.,,,,,0,Các vùng duyên hải,Mực,Biến tấu
Nộm sứa Gỏi sứa,9801fc29-f950-48b0-9e30-dc271824db9e,0439b7ef-0eef-44d0-a527-8802d1694076,https://upload.wikimedia.org/wikipedia/commons/thumb/f/ff/Nom_sua.JPG/120px-Nom_sua.JPG,"Món nộm sử dụng nguyên liệu chính là sứa đã được sơ chế, trộn chua ngọt với các loại rau, thịt động vật và gia vị.",https://upload.wikimedia.org/wikipedia/commons/thumb/f/ff/Nom_sua.JPG/120px-Nom_sua.JPG,"[""https://upload.wikimedia.org/wikipedia/commons/thumb/f/ff/Nom_sua.JPG/120px-Nom_sua.JPG""]","Món nộm sử dụng nguyên liệu chính là sứa đã được sơ chế, trộn chua ngọt với các loại rau, thịt động vật và gia vị.","Món nộm sử dụng nguyên liệu chính là sứa đã được sơ chế, trộn chua ngọt với các loại rau, thịt động vật và gia vị.",,,,,0,Các vùng duyên hải,Sứa,Biến tấu
Ốc luộc,9801fc29-f950-48b0-9e30-dc271824db9e,096cb2da-4203-4c2b-a0b6-c26377e0b9a0,https://upload.wikimedia.org/wikipedia/commons/thumb/b/bf/Cooked_Snail_Found_In_Rajang_River.jpg/120px-Cooked_Snail_Found_In_Rajang_River.jpg,"Ốc luộc lên với sả, khi ăn khều ra chấm nước mắm chua ngọt pha gừng",https://upload.wikimedia.org/wikipedia/commons/thumb/b/bf/Cooked_Snail_Found_In_Rajang_River.jpg/120px-Cooked_Snail_Found_In_Rajang_River.jpg,"[""https://upload.wikimedia.org/wikipedia/commons/thumb/b/bf/Cooked_Snail_Found_In_Rajang_River.jpg/120px-Cooked_Snail_Found_In_Rajang_River.jpg""]","Ốc luộc lên với sả, khi ăn khều ra chấm nước mắm chua ngọt pha gừng","Ốc luộc lên với sả, khi ăn khều ra chấm nước mắm chua ngọt pha gừng",,,,,0,Khắp cả nước,Ốc,Biến tấu
Ốc bươu nhồi thịt,9801fc29-f950-48b0-9e30-dc271824db9e,096cb2da-4203-4c2b-a0b6-c26377e0b9a0,https://upload.wikimedia.org/wikipedia/commons/thumb/6/6d/%E1%BB%90c_b%C6%B0%C6%A1u_nh%E1%BB%93i_th%E1%BB%8Bt.jpg/120px-%E1%BB%90c_b%C6%B0%C6%A1u_nh%E1%BB%93i_th%E1%BB%8Bt.jpg,"Thịt ốc bằm nhuyễn dùng với thịt heo xay, cà rốt, nấm mèo nhồi",https://upload.wikimedia.org/wikipedia/commons/thumb/6/6d/%E1%BB%90c_b%C6%B0%C6%A1u_nh%E1%BB%93i_th%E1%BB%8Bt.jpg/120px-%E1%BB%90c_b%C6%B0%C6%A1u_nh%E1%BB%93i_th%E1%BB%8Bt.jpg,"[""https://upload.wikimedia.org/wikipedia/commons/thumb/6/6d/%E1%BB%90c_b%C6%B0%C6%A1u_nh%E1%BB%93i_th%E1%BB%8Bt.jpg/120px-%E1%BB%90c_b%C6%B0%C6%A1u_nh%E1%BB%93i_th%E1%BB%8Bt.jpg""]","Thịt ốc bằm nhuyễn dùng với thịt heo xay, cà rốt, nấm mèo nhồi","Thịt ốc bằm nhuyễn dùng với thịt heo xay, cà rốt, nấm mèo nhồi",,,,,0,Khắp cả nước,Ốc,Biến tấu
Quẩy,9801fc29-f950-48b0-9e30-dc271824db9e,096cb2da-4203-4c2b-a0b6-c26377e0b9a0,https://upload.wikimedia.org/wikipedia/commons/thumb/1/16/Qu%E1%BA%A9y.jpg/120px-Qu%E1%BA%A9y.jpg,"Bột mỳ pha thêm bột nở, rán vừa chín có dạng một cặp gồm thanh bánh dài có kích thước bằng chiếc xúc xích nhỏ dính nhau, ăn bùi và giòn",https://upload.wikimedia.org/wikipedia/commons/thumb/1/16/Qu%E1%BA%A9y.jpg/120px-Qu%E1%BA%A9y.jpg,"[""https://upload.wikimedia.org/wikipedia/commons/thumb/1/16/Qu%E1%BA%A9y.jpg/120px-Qu%E1%BA%A9y.jpg""]","Bột mỳ pha thêm bột nở, rán vừa chín có dạng một cặp gồm thanh bánh dài có kích thước bằng chiếc xúc xích nhỏ dính nhau,","Bột mỳ pha thêm bột nở, rán vừa chín có dạng một cặp gồm thanh bánh dài có kích thước bằng chiếc xúc xích nhỏ dính nhau, ăn bùi và giòn",,,,,0,Khắp cả nước,Bánh rán,Biến tấu
Tiết canh,9801fc29-f950-48b0-9e30-dc271824db9e,096cb2da-4203-4c2b-a0b6-c26377e0b9a0,https://upload.wikimedia.org/wikipedia/commons/thumb/6/66/Ti%E1%BA%BFt_canh.jpg/120px-Ti%E1%BA%BFt_canh.jpg,"Tiết động vật tươi được pha với chút nước mắm hoặc nước muối nhạt hãm cho khỏi đông trước khi trộn với những phần thịt, sụn động vật băm nhỏ để làm đông tiết.",https://upload.wikimedia.org/wikipedia/commons/thumb/6/66/Ti%E1%BA%BFt_canh.jpg/120px-Ti%E1%BA%BFt_canh.jpg,"[""https://upload.wikimedia.org/wikipedia/commons/thumb/6/66/Ti%E1%BA%BFt_canh.jpg/120px-Ti%E1%BA%BFt_canh.jpg""]","Tiết động vật tươi được pha với chút nước mắm hoặc nước muối nhạt hãm cho khỏi đông trước khi trộn với những phần thịt, ","Tiết động vật tươi được pha với chút nước mắm hoặc nước muối nhạt hãm cho khỏi đông trước khi trộn với những phần thịt, sụn động vật băm nhỏ để làm đông tiết.",,,,,0,Khắp cả nước,Tiết,Biến tấu
Tiết luộc Tiết hầm,9801fc29-f950-48b0-9e30-dc271824db9e,096cb2da-4203-4c2b-a0b6-c26377e0b9a0,https://upload.wikimedia.org/wikipedia/vi/thumb/6/6b/Huy%E1%BA%BFt_v%E1%BB%8Bt_ch%C3%ADn.jpg/120px-Huy%E1%BA%BFt_v%E1%BB%8Bt_ch%C3%ADn.jpg,"Máu động vật qua luộc, hầm đông cứng thành những khối dạng thạch",https://upload.wikimedia.org/wikipedia/vi/thumb/6/6b/Huy%E1%BA%BFt_v%E1%BB%8Bt_ch%C3%ADn.jpg/120px-Huy%E1%BA%BFt_v%E1%BB%8Bt_ch%C3%ADn.jpg,"[""https://upload.wikimedia.org/wikipedia/vi/thumb/6/6b/Huy%E1%BA%BFt_v%E1%BB%8Bt_ch%C3%ADn.jpg/120px-Huy%E1%BA%BFt_v%E1%BB%8Bt_ch%C3%ADn.jpg""]","Máu động vật qua luộc, hầm đông cứng thành những khối dạng thạch","Máu động vật qua luộc, hầm đông cứng thành những khối dạng thạch",,,,,0,Khắp cả nước,Tiết,Biến tấu
Thịt chua,9801fc29-f950-48b0-9e30-dc271824db9e,c6ef84fe-e7ac-41b0-b338-1d0775331eb1,https://upload.wikimedia.org/wikipedia/commons/thumb/0/0f/Th%E1%BB%8Bt_chua.jpg/120px-Th%E1%BB%8Bt_chua.jpg,Thịt lợn tươi sống ướp trong thính gạo để làm thành phẩm chín tự nhiên,https://upload.wikimedia.org/wikipedia/commons/thumb/0/0f/Th%E1%BB%8Bt_chua.jpg/120px-Th%E1%BB%8Bt_chua.jpg,"[""https://upload.wikimedia.org/wikipedia/commons/thumb/0/0f/Th%E1%BB%8Bt_chua.jpg/120px-Th%E1%BB%8Bt_chua.jpg""]",Thịt lợn tươi sống ướp trong thính gạo để làm thành phẩm chín tự nhiên,Thịt lợn tươi sống ướp trong thính gạo để làm thành phẩm chín tự nhiên,,,,,0,Miền Bắc,Lên men,Biến tấu
Trứng vịt Bắc Thảo,9801fc29-f950-48b0-9e30-dc271824db9e,51eb38d6-9728-4d90-b7fe-c2f8236144a2,https://upload.wikimedia.org/wikipedia/vi/thumb/a/af/TrungbacthaoVN.jpg/120px-TrungbacthaoVN.jpg,"Trứng vịt ủ trong một hỗn hợp từ đất sét, tro, muối, vôi, và trấu... trong nhiều tuần lễ, hay nhiều tháng",https://upload.wikimedia.org/wikipedia/vi/thumb/a/af/TrungbacthaoVN.jpg/120px-TrungbacthaoVN.jpg,"[""https://upload.wikimedia.org/wikipedia/vi/thumb/a/af/TrungbacthaoVN.jpg/120px-TrungbacthaoVN.jpg""]","Trứng vịt ủ trong một hỗn hợp từ đất sét, tro, muối, vôi, và trấu... trong nhiều tuần lễ, hay nhiều tháng","Trứng vịt ủ trong một hỗn hợp từ đất sét, tro, muối, vôi, và trấu... trong nhiều tuần lễ, hay nhiều tháng",,,,,0,Miền Nam,Trứng,Biến tấu
Trứng vịt lộn Hột vịt lộn,9801fc29-f950-48b0-9e30-dc271824db9e,096cb2da-4203-4c2b-a0b6-c26377e0b9a0,https://upload.wikimedia.org/wikipedia/commons/thumb/e/eb/Hotvitlon.jpg/120px-Hotvitlon.jpg,"Trứng vịt khi phôi thành hình luộc lên, để sôi kỹ 5 phút, rồi đập vỏ, ăn phần bên trong ngay lúc còn nóng. Các gia vị phổ biến đi kèm là rau răm, gừng tươi thái chỉ, muối tiêu",https://upload.wikimedia.org/wikipedia/commons/thumb/e/eb/Hotvitlon.jpg/120px-Hotvitlon.jpg,"[""https://upload.wikimedia.org/wikipedia/commons/thumb/e/eb/Hotvitlon.jpg/120px-Hotvitlon.jpg""]","Trứng vịt khi phôi thành hình luộc lên, để sôi kỹ 5 phút, rồi đập vỏ, ăn phần bên trong ngay lúc còn nóng. Các gia vị ph","Trứng vịt khi phôi thành hình luộc lên, để sôi kỹ 5 phút, rồi đập vỏ, ăn phần bên trong ngay lúc còn nóng. Các gia vị phổ biến đi kèm là rau răm, gừng tươi thái chỉ, muối tiêu",,,,,0,Khắp cả nước,Trứng,Biến tấu
Cá thính,daa7f39c-cec4-40af-ac6b-9144af2a8ece,d6b90ebc-f111-4e47-896e-6eadb890e4f2,https://upload.wikimedia.org/wikipedia/commons/thumb/6/6c/Cathinh.jpg/120px-Cathinh.jpg,"Cá nước ngọt còn tươi đem sơ chế, ướp thính để lên men chua, thơm, làm chín món ăn một cách tự nhiên",https://upload.wikimedia.org/wikipedia/commons/thumb/6/6c/Cathinh.jpg/120px-Cathinh.jpg,"[""https://upload.wikimedia.org/wikipedia/commons/thumb/6/6c/Cathinh.jpg/120px-Cathinh.jpg""]","Cá nước ngọt còn tươi đem sơ chế, ướp thính để lên men chua, thơm, làm chín món ăn một cách tự nhiên","Cá nước ngọt còn tươi đem sơ chế, ướp thính để lên men chua, thơm, làm chín món ăn một cách tự nhiên",,,,,0,Vĩnh Phúc,Lên men,Đặc sản địa phương
Chả cá Lã Vọng,daa7f39c-cec4-40af-ac6b-9144af2a8ece,97a6dbe2-3e11-4e93-b238-5648a1fc93aa,https://upload.wikimedia.org/wikipedia/commons/thumb/2/2f/Ch%E1%BA%A3_c%C3%A1_L%C3%A3_V%E1%BB%8Dng.jpg/120px-Ch%E1%BA%A3_c%C3%A1_L%C3%A3_V%E1%BB%8Dng.jpg,"Món cá tẩm ướp, nướng trên than rồi rán lại trong chảo mỡ, do gia đình họ Đoàn ở phố Chả Cá trong khu phố cổ Hà Nội giữ bí quyết kinh doanh và đặt tên",https://upload.wikimedia.org/wikipedia/commons/thumb/2/2f/Ch%E1%BA%A3_c%C3%A1_L%C3%A3_V%E1%BB%8Dng.jpg/120px-Ch%E1%BA%A3_c%C3%A1_L%C3%A3_V%E1%BB%8Dng.jpg,"[""https://upload.wikimedia.org/wikipedia/commons/thumb/2/2f/Ch%E1%BA%A3_c%C3%A1_L%C3%A3_V%E1%BB%8Dng.jpg/120px-Ch%E1%BA%A3_c%C3%A1_L%C3%A3_V%E1%BB%8Dng.jpg""]","Món cá tẩm ướp, nướng trên than rồi rán lại trong chảo mỡ, do gia đình họ Đoàn ở phố Chả Cá trong khu phố cổ Hà Nội giữ ","Món cá tẩm ướp, nướng trên than rồi rán lại trong chảo mỡ, do gia đình họ Đoàn ở phố Chả Cá trong khu phố cổ Hà Nội giữ bí quyết kinh doanh và đặt tên",,,,,0,Hà Nội,Chả,Đặc sản địa phương
Chả chìa,daa7f39c-cec4-40af-ac6b-9144af2a8ece,788aeac0-5766-4314-b4ac-876c194a29b8,https://upload.wikimedia.org/wikipedia/commons/thumb/6/64/Pork_chops_served.jpg/120px-Pork_chops_served.jpg,"Một dẻ mía chẻ nhỏ bằng ngón tay, phần trên được bao bằng thịt nạc xay nhuyễn với mực khô, phần dưới để nguyên, dùng để cầm khi ăn",https://upload.wikimedia.org/wikipedia/commons/thumb/6/64/Pork_chops_served.jpg/120px-Pork_chops_served.jpg,"[""https://upload.wikimedia.org/wikipedia/commons/thumb/6/64/Pork_chops_served.jpg/120px-Pork_chops_served.jpg""]","Một dẻ mía chẻ nhỏ bằng ngón tay, phần trên được bao bằng thịt nạc xay nhuyễn với mực khô, phần dưới để nguyên, dùng để ","Một dẻ mía chẻ nhỏ bằng ngón tay, phần trên được bao bằng thịt nạc xay nhuyễn với mực khô, phần dưới để nguyên, dùng để cầm khi ăn",,,,,0,"Quảng Ninh , Hải Phòng",Chả,Đặc sản địa phương
Chả mực,daa7f39c-cec4-40af-ac6b-9144af2a8ece,8e5335fb-2272-4995-abfe-2534b7c1557e,https://upload.wikimedia.org/wikipedia/commons/thumb/2/25/Ch%E1%BA%A3_m%E1%BB%B1c.jpg/120px-Ch%E1%BA%A3_m%E1%BB%B1c.jpg,"Loại chả đặc sản của Hạ Long được làm rất cầu kỳ từ mực giã nhuyễn, thì là, hành hoa... nặn thành miếng và chiên ngập dầu",https://upload.wikimedia.org/wikipedia/commons/thumb/2/25/Ch%E1%BA%A3_m%E1%BB%B1c.jpg/120px-Ch%E1%BA%A3_m%E1%BB%B1c.jpg,"[""https://upload.wikimedia.org/wikipedia/commons/thumb/2/25/Ch%E1%BA%A3_m%E1%BB%B1c.jpg/120px-Ch%E1%BA%A3_m%E1%BB%B1c.jpg""]","Loại chả đặc sản của Hạ Long được làm rất cầu kỳ từ mực giã nhuyễn, thì là, hành hoa... nặn thành miếng và chiên ngập dầ","Loại chả đặc sản của Hạ Long được làm rất cầu kỳ từ mực giã nhuyễn, thì là, hành hoa... nặn thành miếng và chiên ngập dầu",,,,,0,Quảng Ninh,Chả,Đặc sản địa phương
Cốm,daa7f39c-cec4-40af-ac6b-9144af2a8ece,97a6dbe2-3e11-4e93-b238-5648a1fc93aa,https://upload.wikimedia.org/wikipedia/commons/thumb/5/5c/Com.JPG/120px-Com.JPG,"Làm từ lúa nếp non, rang chín và giã, sàng sảy cho hết vỏ trấu",https://upload.wikimedia.org/wikipedia/commons/thumb/5/5c/Com.JPG/120px-Com.JPG,"[""https://upload.wikimedia.org/wikipedia/commons/thumb/5/5c/Com.JPG/120px-Com.JPG""]","Làm từ lúa nếp non, rang chín và giã, sàng sảy cho hết vỏ trấu","Làm từ lúa nếp non, rang chín và giã, sàng sảy cho hết vỏ trấu",,,,,0,Hà Nội,Gạo tẻ,Đặc sản địa phương
Ngán,daa7f39c-cec4-40af-ac6b-9144af2a8ece,8e5335fb-2272-4995-abfe-2534b7c1557e,https://upload.wikimedia.org/wikipedia/commons/thumb/7/78/Ng%C3%A1n.jpg/120px-Ng%C3%A1n.jpg,"Ngán là loài nhuyễn thể chỉ sống ở Quảng Ninh. Ngán rất bổ dưỡng và chế biến được nhiều món ăn ngon khác nhau như ngán luộc, ngán nướng, gỏi ngán, cháo ngán, bún ngán.",https://upload.wikimedia.org/wikipedia/commons/thumb/7/78/Ng%C3%A1n.jpg/120px-Ng%C3%A1n.jpg,"[""https://upload.wikimedia.org/wikipedia/commons/thumb/7/78/Ng%C3%A1n.jpg/120px-Ng%C3%A1n.jpg""]",Ngán là loài nhuyễn thể chỉ sống ở Quảng Ninh. Ngán rất bổ dưỡng và chế biến được nhiều món ăn ngon khác nhau như ngán l,"Ngán là loài nhuyễn thể chỉ sống ở Quảng Ninh. Ngán rất bổ dưỡng và chế biến được nhiều món ăn ngon khác nhau như ngán luộc, ngán nướng, gỏi ngán, cháo ngán, bún ngán.",,,,,0,Quảng Ninh,Hải sản,Đặc sản địa phương
Gỏi nhệch,daa7f39c-cec4-40af-ac6b-9144af2a8ece,788aeac0-5766-4314-b4ac-876c194a29b8,https://upload.wikimedia.org/wikipedia/commons/thumb/f/fe/G%E1%BB%8Fi_nh%E1%BB%87ch_1.jpg/120px-G%E1%BB%8Fi_nh%E1%BB%87ch_1.jpg,Thịt cá nhệch sống được bóp thính gạo cùng một số loại gia vị rồi được dùng với nhiều loại rau ăn kèm và nước chấm gỏi.,https://upload.wikimedia.org/wikipedia/commons/thumb/f/fe/G%E1%BB%8Fi_nh%E1%BB%87ch_1.jpg/120px-G%E1%BB%8Fi_nh%E1%BB%87ch_1.jpg,"[""https://upload.wikimedia.org/wikipedia/commons/thumb/f/fe/G%E1%BB%8Fi_nh%E1%BB%87ch_1.jpg/120px-G%E1%BB%8Fi_nh%E1%BB%87ch_1.jpg""]",Thịt cá nhệch sống được bóp thính gạo cùng một số loại gia vị rồi được dùng với nhiều loại rau ăn kèm và nước chấm gỏi.,Thịt cá nhệch sống được bóp thính gạo cùng một số loại gia vị rồi được dùng với nhiều loại rau ăn kèm và nước chấm gỏi.,,,,,0,Duyên hải vịnh Bắc Bộ (Hải Phòng đến Thanh Hóa),Thủy sản,Đặc sản địa phương
Bông điên điển,daa7f39c-cec4-40af-ac6b-9144af2a8ece,51eb38d6-9728-4d90-b7fe-c2f8236144a2,https://upload.wikimedia.org/wikipedia/commons/thumb/7/76/G%E1%BB%8Fi_b%C3%B4ng_%C4%91i%C3%AAn_%C4%91i%E1%BB%83n_v%C3%A0_t%C3%A9p_%C4%91%E1%BB%93ng.jpg/120px-G%E1%BB%8Fi_b%C3%B4ng_%C4%91i%C3%AAn_%C4%91i%E1%BB%83n_v%C3%A0_t%C3%A9p_%C4%91%E1%BB%93ng.jpg,"Bông điên điển là loại rau đặc trưng Nam Bộ được dùng làm dưa chua, nấu canh, ăn lẩu hay làm gỏi trộn thịt gà.",https://upload.wikimedia.org/wikipedia/commons/thumb/7/76/G%E1%BB%8Fi_b%C3%B4ng_%C4%91i%C3%AAn_%C4%91i%E1%BB%83n_v%C3%A0_t%C3%A9p_%C4%91%E1%BB%93ng.jpg/120px-G%E1%BB%8Fi_b%C3%B4ng_%C4%91i%C3%AAn_%C4%91i%E1%BB%83n_v%C3%A0_t%C3%A9p_%C4%91%E1%BB%93ng.jpg,"[""https://upload.wikimedia.org/wikipedia/commons/thumb/7/76/G%E1%BB%8Fi_b%C3%B4ng_%C4%91i%C3%AAn_%C4%91i%E1%BB%83n_v%C3%A0_t%C3%A9p_%C4%91%E1%BB%93ng.jpg/120px-G%E1%BB%8Fi_b%C3%B4ng_%C4%91i%C3%AAn_%C4%91i%E1%BB%83n_v%C3%A0_t%C3%A9p_%C4%91%E1%BB%93ng.jpg""]","Bông điên điển là loại rau đặc trưng Nam Bộ được dùng làm dưa chua, nấu canh, ăn lẩu hay làm gỏi trộn thịt gà.","Bông điên điển là loại rau đặc trưng Nam Bộ được dùng làm dưa chua, nấu canh, ăn lẩu hay làm gỏi trộn thịt gà.",,,,,0,Miền Nam,Rau,Đặc sản địa phương
Đuông dừa,daa7f39c-cec4-40af-ac6b-9144af2a8ece,51eb38d6-9728-4d90-b7fe-c2f8236144a2,https://upload.wikimedia.org/wikipedia/commons/thumb/8/80/Sago_grub_Rhynchophorus_bilneatus_larva.jpg/120px-Sago_grub_Rhynchophorus_bilneatus_larva.jpg,"Người miền Tây đã chế biến đuông dừa thành nhiều món ngon như: đuông dừa nướng, đuông ngâm nước mắm hay chiên bơ...",https://upload.wikimedia.org/wikipedia/commons/thumb/8/80/Sago_grub_Rhynchophorus_bilneatus_larva.jpg/120px-Sago_grub_Rhynchophorus_bilneatus_larva.jpg,"[""https://upload.wikimedia.org/wikipedia/commons/thumb/8/80/Sago_grub_Rhynchophorus_bilneatus_larva.jpg/120px-Sago_grub_Rhynchophorus_bilneatus_larva.jpg""]","Người miền Tây đã chế biến đuông dừa thành nhiều món ngon như: đuông dừa nướng, đuông ngâm nước mắm hay chiên bơ...","Người miền Tây đã chế biến đuông dừa thành nhiều món ngon như: đuông dừa nướng, đuông ngâm nước mắm hay chiên bơ...",,,,,0,Miền Nam,Ấu trùng,Đặc sản địa phương
Chè đậu xanh Chè hoa cau,03138d87-59d6-4195-86fc-c02acdb3dc3a,096cb2da-4203-4c2b-a0b6-c26377e0b9a0,https://upload.wikimedia.org/wikipedia/commons/thumb/6/60/Ch%C3%A8_%C4%91%E1%BB%97_xanh.jpg/120px-Ch%C3%A8_%C4%91%E1%BB%97_xanh.jpg,"Chè đậu (đỗ) xanh nấu với đường và bột năng (hoặc bột sắn dây), có thể cho thêm dừa nạo và nước cốt dừa.",https://upload.wikimedia.org/wikipedia/commons/thumb/6/60/Ch%C3%A8_%C4%91%E1%BB%97_xanh.jpg/120px-Ch%C3%A8_%C4%91%E1%BB%97_xanh.jpg,"[""https://upload.wikimedia.org/wikipedia/commons/thumb/6/60/Ch%C3%A8_%C4%91%E1%BB%97_xanh.jpg/120px-Ch%C3%A8_%C4%91%E1%BB%97_xanh.jpg""]","Chè đậu (đỗ) xanh nấu với đường và bột năng (hoặc bột sắn dây), có thể cho thêm dừa nạo và nước cốt dừa.","Chè đậu (đỗ) xanh nấu với đường và bột năng (hoặc bột sắn dây), có thể cho thêm dừa nạo và nước cốt dừa.",,,,,0,Khắp cả nước,Chè,Tráng miệng
Chè hạt sen,03138d87-59d6-4195-86fc-c02acdb3dc3a,096cb2da-4203-4c2b-a0b6-c26377e0b9a0,https://upload.wikimedia.org/wikipedia/commons/thumb/7/7c/Sweet_rice_with_lotus_seed.jpg/120px-Sweet_rice_with_lotus_seed.jpg,"Hạt sen được hấp chín, rồi nấu chung với đường cho đến khi sôi nhẹ thì khuấy thêm bột cho sánh.",https://upload.wikimedia.org/wikipedia/commons/thumb/7/7c/Sweet_rice_with_lotus_seed.jpg/120px-Sweet_rice_with_lotus_seed.jpg,"[""https://upload.wikimedia.org/wikipedia/commons/thumb/7/7c/Sweet_rice_with_lotus_seed.jpg/120px-Sweet_rice_with_lotus_seed.jpg""]","Hạt sen được hấp chín, rồi nấu chung với đường cho đến khi sôi nhẹ thì khuấy thêm bột cho sánh.","Hạt sen được hấp chín, rồi nấu chung với đường cho đến khi sôi nhẹ thì khuấy thêm bột cho sánh.",,,,,0,Khắp cả nước,Chè,Tráng miệng
Chè bà ba,03138d87-59d6-4195-86fc-c02acdb3dc3a,51eb38d6-9728-4d90-b7fe-c2f8236144a2,https://upload.wikimedia.org/wikipedia/commons/thumb/c/c3/Ch%C3%A8_b%C3%A0_ba.jpg/120px-Ch%C3%A8_b%C3%A0_ba.jpg,Chè khoai lang với đậu xanh cà và nước cốt dừa.,https://upload.wikimedia.org/wikipedia/commons/thumb/c/c3/Ch%C3%A8_b%C3%A0_ba.jpg/120px-Ch%C3%A8_b%C3%A0_ba.jpg,"[""https://upload.wikimedia.org/wikipedia/commons/thumb/c/c3/Ch%C3%A8_b%C3%A0_ba.jpg/120px-Ch%C3%A8_b%C3%A0_ba.jpg""]",Chè khoai lang với đậu xanh cà và nước cốt dừa.,Chè khoai lang với đậu xanh cà và nước cốt dừa.,,,,,0,Miền Nam,Chè,Tráng miệng
Chè đậu trắng,03138d87-59d6-4195-86fc-c02acdb3dc3a,51eb38d6-9728-4d90-b7fe-c2f8236144a2,https://upload.wikimedia.org/wikipedia/commons/thumb/d/da/Ch%C3%A8_%C4%91%E1%BA%ADu_tr%E1%BA%AFng_1.jpg/120px-Ch%C3%A8_%C4%91%E1%BA%ADu_tr%E1%BA%AFng_1.jpg,Đậu trắng nấu mềm cùng với gạo nếp và nước cốt dừa.,https://upload.wikimedia.org/wikipedia/commons/thumb/d/da/Ch%C3%A8_%C4%91%E1%BA%ADu_tr%E1%BA%AFng_1.jpg/120px-Ch%C3%A8_%C4%91%E1%BA%ADu_tr%E1%BA%AFng_1.jpg,"[""https://upload.wikimedia.org/wikipedia/commons/thumb/d/da/Ch%C3%A8_%C4%91%E1%BA%ADu_tr%E1%BA%AFng_1.jpg/120px-Ch%C3%A8_%C4%91%E1%BA%ADu_tr%E1%BA%AFng_1.jpg""]",Đậu trắng nấu mềm cùng với gạo nếp và nước cốt dừa.,Đậu trắng nấu mềm cùng với gạo nếp và nước cốt dừa.,,,,,0,Miền Nam,Chè,Tráng miệng
Chè trôi nước,03138d87-59d6-4195-86fc-c02acdb3dc3a,c6ef84fe-e7ac-41b0-b338-1d0775331eb1,https://upload.wikimedia.org/wikipedia/commons/thumb/b/ba/Banhchay.JPG/120px-Banhchay.JPG,Món tráng miệng làm từ các viên nhân đậu xanh bọc trong lớp vỏ bột gạo nếp,https://upload.wikimedia.org/wikipedia/commons/thumb/b/ba/Banhchay.JPG/120px-Banhchay.JPG,"[""https://upload.wikimedia.org/wikipedia/commons/thumb/b/ba/Banhchay.JPG/120px-Banhchay.JPG""]",Món tráng miệng làm từ các viên nhân đậu xanh bọc trong lớp vỏ bột gạo nếp,Món tráng miệng làm từ các viên nhân đậu xanh bọc trong lớp vỏ bột gạo nếp,,,,,0,Miền Bắc,Chè/bánh,Tráng miệng
Chè bánh lọt,03138d87-59d6-4195-86fc-c02acdb3dc3a,096cb2da-4203-4c2b-a0b6-c26377e0b9a0,https://upload.wikimedia.org/wikipedia/commons/thumb/e/e5/Cendol_in_a_Glass.JPG/120px-Cendol_in_a_Glass.JPG,"Món tráng miệng làm từ nước cốt dừa, thạch làm từ bột gạo màu xanh lá cây (thường do lá dứa thôi ra), đá bào và đường thốt nốt",https://upload.wikimedia.org/wikipedia/commons/thumb/e/e5/Cendol_in_a_Glass.JPG/120px-Cendol_in_a_Glass.JPG,"[""https://upload.wikimedia.org/wikipedia/commons/thumb/e/e5/Cendol_in_a_Glass.JPG/120px-Cendol_in_a_Glass.JPG""]","Món tráng miệng làm từ nước cốt dừa, thạch làm từ bột gạo màu xanh lá cây (thường do lá dứa thôi ra), đá bào và đường th","Món tráng miệng làm từ nước cốt dừa, thạch làm từ bột gạo màu xanh lá cây (thường do lá dứa thôi ra), đá bào và đường thốt nốt",,,,,0,Khắp cả nước,Chè,Tráng miệng
Chè chuối,03138d87-59d6-4195-86fc-c02acdb3dc3a,096cb2da-4203-4c2b-a0b6-c26377e0b9a0,https://upload.wikimedia.org/wikipedia/commons/thumb/0/06/Tapioca_pudding-2.jpg/120px-Tapioca_pudding-2.jpg,Chè làm từ chuối và bột sắn,https://upload.wikimedia.org/wikipedia/commons/thumb/0/06/Tapioca_pudding-2.jpg/120px-Tapioca_pudding-2.jpg,"[""https://upload.wikimedia.org/wikipedia/commons/thumb/0/06/Tapioca_pudding-2.jpg/120px-Tapioca_pudding-2.jpg""]",Chè làm từ chuối và bột sắn,Chè làm từ chuối và bột sắn,,,,,0,Khắp cả nước,Chè,Tráng miệng
Bánh khoai môn,03138d87-59d6-4195-86fc-c02acdb3dc3a,096cb2da-4203-4c2b-a0b6-c26377e0b9a0,https://upload.wikimedia.org/wikipedia/commons/thumb/c/c4/A_Taro_cake.jpg/120px-A_Taro_cake.jpg,Món tráng miệng làm từ khoai môn [ 12 ],https://upload.wikimedia.org/wikipedia/commons/thumb/c/c4/A_Taro_cake.jpg/120px-A_Taro_cake.jpg,"[""https://upload.wikimedia.org/wikipedia/commons/thumb/c/c4/A_Taro_cake.jpg/120px-A_Taro_cake.jpg""]",Món tráng miệng làm từ khoai môn [ 12 ],Món tráng miệng làm từ khoai môn [ 12 ],,,,,0,Khắp cả nước,Tráng miệng,Tráng miệng
Sủi dìn,03138d87-59d6-4195-86fc-c02acdb3dc3a,788aeac0-5766-4314-b4ac-876c194a29b8,https://upload.wikimedia.org/wikipedia/commons/thumb/1/1b/S%E1%BB%A7i_d%C3%ACn.jpg/120px-S%E1%BB%A7i_d%C3%ACn.jpg,"Bằng bột gạo nếp, nhân đậu xanh, vừng. Bên ngoài lăn vừng đen & nấu trong nước gừng nóng, rắc thêm một vài sợi dừa nạo.",https://upload.wikimedia.org/wikipedia/commons/thumb/1/1b/S%E1%BB%A7i_d%C3%ACn.jpg/120px-S%E1%BB%A7i_d%C3%ACn.jpg,"[""https://upload.wikimedia.org/wikipedia/commons/thumb/1/1b/S%E1%BB%A7i_d%C3%ACn.jpg/120px-S%E1%BB%A7i_d%C3%ACn.jpg""]","Bằng bột gạo nếp, nhân đậu xanh, vừng. Bên ngoài lăn vừng đen & nấu trong nước gừng nóng, rắc thêm một vài sợi dừa nạo.","Bằng bột gạo nếp, nhân đậu xanh, vừng. Bên ngoài lăn vừng đen & nấu trong nước gừng nóng, rắc thêm một vài sợi dừa nạo.",,,,,0,Hải Phòng,Tráng miệng,Tráng miệng
Sương sáo Thạch đen,03138d87-59d6-4195-86fc-c02acdb3dc3a,096cb2da-4203-4c2b-a0b6-c26377e0b9a0,https://upload.wikimedia.org/wikipedia/commons/thumb/b/bb/GrassJellySpoon.jpg/120px-GrassJellySpoon.jpg,"Thân và lá cây thạch đen được phơi khô rồi xay nát, đun sôi trong nước và thêm bột, khi nguội đông lại thành thạch.",https://upload.wikimedia.org/wikipedia/commons/thumb/b/bb/GrassJellySpoon.jpg/120px-GrassJellySpoon.jpg,"[""https://upload.wikimedia.org/wikipedia/commons/thumb/b/bb/GrassJellySpoon.jpg/120px-GrassJellySpoon.jpg""]","Thân và lá cây thạch đen được phơi khô rồi xay nát, đun sôi trong nước và thêm bột, khi nguội đông lại thành thạch.","Thân và lá cây thạch đen được phơi khô rồi xay nát, đun sôi trong nước và thêm bột, khi nguội đông lại thành thạch.",,,,,0,Khắp cả nước,Thạch,Tráng miệng
Sương sâm Thạch xanh,03138d87-59d6-4195-86fc-c02acdb3dc3a,51eb38d6-9728-4d90-b7fe-c2f8236144a2,https://upload.wikimedia.org/wikipedia/commons/thumb/7/74/S%C6%B0%C6%A1ng_s%C3%A2m.jpg/120px-S%C6%B0%C6%A1ng_s%C3%A2m.jpg,"Lá cây sương sâm tươi đem giã nát với một lượng nước nhất định, lọc sạch, để một hai giờ, chất nước này sẽ kết đông thành thạch.",https://upload.wikimedia.org/wikipedia/commons/thumb/7/74/S%C6%B0%C6%A1ng_s%C3%A2m.jpg/120px-S%C6%B0%C6%A1ng_s%C3%A2m.jpg,"[""https://upload.wikimedia.org/wikipedia/commons/thumb/7/74/S%C6%B0%C6%A1ng_s%C3%A2m.jpg/120px-S%C6%B0%C6%A1ng_s%C3%A2m.jpg""]","Lá cây sương sâm tươi đem giã nát với một lượng nước nhất định, lọc sạch, để một hai giờ, chất nước này sẽ kết đông thàn","Lá cây sương sâm tươi đem giã nát với một lượng nước nhất định, lọc sạch, để một hai giờ, chất nước này sẽ kết đông thành thạch.",,,,,0,Miền Nam,Thạch,Tráng miệng
Sương sa,03138d87-59d6-4195-86fc-c02acdb3dc3a,51eb38d6-9728-4d90-b7fe-c2f8236144a2,https://upload.wikimedia.org/wikipedia/commons/thumb/e/e5/H%E1%BA%A1t_l%E1%BB%B1u_%28ch%C3%A8%29.JPG/120px-H%E1%BA%A1t_l%E1%BB%B1u_%28ch%C3%A8%29.JPG,"Thạch trắng hoặc trong suốt được chế biến từ một số loại rong biển, tảo biển.",https://upload.wikimedia.org/wikipedia/commons/thumb/e/e5/H%E1%BA%A1t_l%E1%BB%B1u_%28ch%C3%A8%29.JPG/120px-H%E1%BA%A1t_l%E1%BB%B1u_%28ch%C3%A8%29.JPG,"[""https://upload.wikimedia.org/wikipedia/commons/thumb/e/e5/H%E1%BA%A1t_l%E1%BB%B1u_%28ch%C3%A8%29.JPG/120px-H%E1%BA%A1t_l%E1%BB%B1u_%28ch%C3%A8%29.JPG""]","Thạch trắng hoặc trong suốt được chế biến từ một số loại rong biển, tảo biển.","Thạch trắng hoặc trong suốt được chế biến từ một số loại rong biển, tảo biển.",,,,,0,Miền Nam,Thạch,Tráng miệng
Ô mai,03138d87-59d6-4195-86fc-c02acdb3dc3a,97a6dbe2-3e11-4e93-b238-5648a1fc93aa,https://upload.wikimedia.org/wikipedia/commons/thumb/1/19/O_mai_mo.jpg/120px-O_mai_mo.jpg,Món ăn làm từ mơ khô muối/ mơ khô ngâm đường,https://upload.wikimedia.org/wikipedia/commons/thumb/1/19/O_mai_mo.jpg/120px-O_mai_mo.jpg,"[""https://upload.wikimedia.org/wikipedia/commons/thumb/1/19/O_mai_mo.jpg/120px-O_mai_mo.jpg""]",Món ăn làm từ mơ khô muối/ mơ khô ngâm đường,Món ăn làm từ mơ khô muối/ mơ khô ngâm đường,,,,,0,Hà Nội,Trái cây,Tráng miệng
Kẹo mè xửng,03138d87-59d6-4195-86fc-c02acdb3dc3a,6fc8742d-40d6-43f9-9fd1-f497b4f62ddc,https://upload.wikimedia.org/wikipedia/commons/thumb/1/18/Caramelo_de_mango_con_s%C3%A9samo_y_man%C3%AD_%C2%B7_Vietnam.jpg/120px-Caramelo_de_mango_con_s%C3%A9samo_y_man%C3%AD_%C2%B7_Vietnam.jpg,"Một loại kẹo dai có nguồn gốc từ Huế, được làm bằng đường mía đun sôi (thành một chất rắn mềm và đặc), phủ một lớp mè và thường kèm thêm đậu phộng.",https://upload.wikimedia.org/wikipedia/commons/thumb/1/18/Caramelo_de_mango_con_s%C3%A9samo_y_man%C3%AD_%C2%B7_Vietnam.jpg/120px-Caramelo_de_mango_con_s%C3%A9samo_y_man%C3%AD_%C2%B7_Vietnam.jpg,"[""https://upload.wikimedia.org/wikipedia/commons/thumb/1/18/Caramelo_de_mango_con_s%C3%A9samo_y_man%C3%AD_%C2%B7_Vietnam.jpg/120px-Caramelo_de_mango_con_s%C3%A9samo_y_man%C3%AD_%C2%B7_Vietnam.jpg""]","Một loại kẹo dai có nguồn gốc từ Huế, được làm bằng đường mía đun sôi (thành một chất rắn mềm và đặc), phủ một lớp mè và","Một loại kẹo dai có nguồn gốc từ Huế, được làm bằng đường mía đun sôi (thành một chất rắn mềm và đặc), phủ một lớp mè và thường kèm thêm đậu phộng.",,,,,0,Huế,Món ăn vặt,Tráng miệng
Chuối chiên,03138d87-59d6-4195-86fc-c02acdb3dc3a,096cb2da-4203-4c2b-a0b6-c26377e0b9a0,https://upload.wikimedia.org/wikipedia/commons/thumb/f/f5/Chu%E1%BB%91i_chi%C3%AAn.JPG/120px-Chu%E1%BB%91i_chi%C3%AAn.JPG,Bánh làm từ chuối chiên với bột,https://upload.wikimedia.org/wikipedia/commons/thumb/f/f5/Chu%E1%BB%91i_chi%C3%AAn.JPG/120px-Chu%E1%BB%91i_chi%C3%AAn.JPG,"[""https://upload.wikimedia.org/wikipedia/commons/thumb/f/f5/Chu%E1%BB%91i_chi%C3%AAn.JPG/120px-Chu%E1%BB%91i_chi%C3%AAn.JPG""]",Bánh làm từ chuối chiên với bột,Bánh làm từ chuối chiên với bột,,,,,0,Khắp cả nước,Bánh,Tráng miệng
Kẹo dừa,03138d87-59d6-4195-86fc-c02acdb3dc3a,f0b10d9c-c7f3-4bff-ab8d-290e812ba9b2,https://upload.wikimedia.org/wikipedia/commons/thumb/f/f0/Cononut_candy.jpg/120px-Cononut_candy.jpg,Kẹo làm từ cơm dừa và nước cốt dừa,https://upload.wikimedia.org/wikipedia/commons/thumb/f/f0/Cononut_candy.jpg/120px-Cononut_candy.jpg,"[""https://upload.wikimedia.org/wikipedia/commons/thumb/f/f0/Cononut_candy.jpg/120px-Cononut_candy.jpg""]",Kẹo làm từ cơm dừa và nước cốt dừa,Kẹo làm từ cơm dừa và nước cốt dừa,,,,,0,Bến Tre,Kẹo,Tráng miệng
Tào phớ,03138d87-59d6-4195-86fc-c02acdb3dc3a,096cb2da-4203-4c2b-a0b6-c26377e0b9a0,https://upload.wikimedia.org/wikipedia/commons/thumb/6/62/Douhua.jpg/120px-Douhua.jpg,"Món ăn được làm từ đậu tương, có màu trắng ngà, vị bùi",https://upload.wikimedia.org/wikipedia/commons/thumb/6/62/Douhua.jpg/120px-Douhua.jpg,"[""https://upload.wikimedia.org/wikipedia/commons/thumb/6/62/Douhua.jpg/120px-Douhua.jpg""]","Món ăn được làm từ đậu tương, có màu trắng ngà, vị bùi","Món ăn được làm từ đậu tương, có màu trắng ngà, vị bùi",,,,,0,Khắp cả nước,Món ăn từ tàu phụ,Tráng miệng
Sâm bổ lượng,03138d87-59d6-4195-86fc-c02acdb3dc3a,096cb2da-4203-4c2b-a0b6-c26377e0b9a0,https://upload.wikimedia.org/wikipedia/commons/thumb/2/27/S%C3%A2m_b%E1%BB%95_l%C6%B0%E1%BB%A3ng.jpg/120px-S%C3%A2m_b%E1%BB%95_l%C6%B0%E1%BB%A3ng.jpg,Một loại chè ngọt Việt Nam,https://upload.wikimedia.org/wikipedia/commons/thumb/2/27/S%C3%A2m_b%E1%BB%95_l%C6%B0%E1%BB%A3ng.jpg/120px-S%C3%A2m_b%E1%BB%95_l%C6%B0%E1%BB%A3ng.jpg,"[""https://upload.wikimedia.org/wikipedia/commons/thumb/2/27/S%C3%A2m_b%E1%BB%95_l%C6%B0%E1%BB%A3ng.jpg/120px-S%C3%A2m_b%E1%BB%95_l%C6%B0%E1%BB%A3ng.jpg""]",Một loại chè ngọt Việt Nam,Một loại chè ngọt Việt Nam,,,,,0,Khắp cả nước,Chè,Tráng miệng
Nước mắm,67f5118d-584e-457c-8628-11ee0c3b94d1,096cb2da-4203-4c2b-a0b6-c26377e0b9a0,https://upload.wikimedia.org/wikipedia/commons/thumb/c/c5/N%C6%B0%E1%BB%9Bc_ch%E1%BA%A5m.jpg/120px-N%C6%B0%E1%BB%9Bc_ch%E1%BA%A5m.jpg,Nước gia vị làm từ cá biển và muối trắng được ủ cho lên men rồi chắt lấy nước cốt.,https://upload.wikimedia.org/wikipedia/commons/thumb/c/c5/N%C6%B0%E1%BB%9Bc_ch%E1%BA%A5m.jpg/120px-N%C6%B0%E1%BB%9Bc_ch%E1%BA%A5m.jpg,"[""https://upload.wikimedia.org/wikipedia/commons/thumb/c/c5/N%C6%B0%E1%BB%9Bc_ch%E1%BA%A5m.jpg/120px-N%C6%B0%E1%BB%9Bc_ch%E1%BA%A5m.jpg""]",Nước gia vị làm từ cá biển và muối trắng được ủ cho lên men rồi chắt lấy nước cốt.,Nước gia vị làm từ cá biển và muối trắng được ủ cho lên men rồi chắt lấy nước cốt.,,,,,0,Khắp cả nước,Đồ chấm,Gia vị và nước chấm
Tương đen,67f5118d-584e-457c-8628-11ee0c3b94d1,51eb38d6-9728-4d90-b7fe-c2f8236144a2,https://upload.wikimedia.org/wikipedia/commons/thumb/d/d1/Hoisin_sauce_1.jpg/120px-Hoisin_sauce_1.jpg,"Đồ chấm làm từ đậu tương, dấm trắng, gạo, muối ăn, bột mì, tỏi, và ớt. Thường dùng ăn kèm phở Nam.",https://upload.wikimedia.org/wikipedia/commons/thumb/d/d1/Hoisin_sauce_1.jpg/120px-Hoisin_sauce_1.jpg,"[""https://upload.wikimedia.org/wikipedia/commons/thumb/d/d1/Hoisin_sauce_1.jpg/120px-Hoisin_sauce_1.jpg""]","Đồ chấm làm từ đậu tương, dấm trắng, gạo, muối ăn, bột mì, tỏi, và ớt. Thường dùng ăn kèm phở Nam.","Đồ chấm làm từ đậu tương, dấm trắng, gạo, muối ăn, bột mì, tỏi, và ớt. Thường dùng ăn kèm phở Nam.",,,,,0,Miền Nam,Đồ chấm,Gia vị và nước chấm
Nước chấm Nước mắm chua ngọt,67f5118d-584e-457c-8628-11ee0c3b94d1,096cb2da-4203-4c2b-a0b6-c26377e0b9a0,https://upload.wikimedia.org/wikipedia/commons/thumb/3/30/Chanhmuoiglass.jpg/120px-Chanhmuoiglass.jpg,"Nước mắm đã pha thêm chanh, đường, tỏi tươi, ớt tươi.",https://upload.wikimedia.org/wikipedia/commons/thumb/3/30/Chanhmuoiglass.jpg/120px-Chanhmuoiglass.jpg,"[""https://upload.wikimedia.org/wikipedia/commons/thumb/3/30/Chanhmuoiglass.jpg/120px-Chanhmuoiglass.jpg""]","Nước mắm đã pha thêm chanh, đường, tỏi tươi, ớt tươi.","Nước mắm đã pha thêm chanh, đường, tỏi tươi, ớt tươi.",,,,,0,Khắp cả nước,Đồ chấm,Gia vị và nước chấm
Mắm tôm,67f5118d-584e-457c-8628-11ee0c3b94d1,c6ef84fe-e7ac-41b0-b338-1d0775331eb1,https://upload.wikimedia.org/wikipedia/commons/thumb/6/65/M%E1%BA%AFm_t%C3%B4m.JPG/120px-M%E1%BA%AFm_t%C3%B4m.JPG,"Mắm được làm từ tôm, tép sông lên men, có mùi và vị rất mạnh.",https://upload.wikimedia.org/wikipedia/commons/thumb/6/65/M%E1%BA%AFm_t%C3%B4m.JPG/120px-M%E1%BA%AFm_t%C3%B4m.JPG,"[""https://upload.wikimedia.org/wikipedia/commons/thumb/6/65/M%E1%BA%AFm_t%C3%B4m.JPG/120px-M%E1%BA%AFm_t%C3%B4m.JPG""]","Mắm được làm từ tôm, tép sông lên men, có mùi và vị rất mạnh.","Mắm được làm từ tôm, tép sông lên men, có mùi và vị rất mạnh.",,,,,0,Miền Bắc,Đồ chấm,Gia vị và nước chấm
Mắm ruốc,67f5118d-584e-457c-8628-11ee0c3b94d1,0439b7ef-0eef-44d0-a527-8802d1694076,https://upload.wikimedia.org/wikipedia/commons/thumb/3/3b/Th%E1%BB%8Bt_ch%C3%B3_%28m%E1%BA%AFm_ru%E1%BB%91c%29_t%E1%BA%A1i_B%C3%ACnh_Long_ng%C3%A0y_08_th%C3%A1ng_8_n%C4%83m_2019_%285%29.jpg/120px-Th%E1%BB%8Bt_ch%C3%B3_%28m%E1%BA%AFm_ru%E1%BB%91c%29_t%E1%BA%A1i_B%C3%ACnh_Long_ng%C3%A0y_08_th%C3%A1ng_8_n%C4%83m_2019_%285%29.jpg,Làm từ con ruốc lên men,https://upload.wikimedia.org/wikipedia/commons/thumb/3/3b/Th%E1%BB%8Bt_ch%C3%B3_%28m%E1%BA%AFm_ru%E1%BB%91c%29_t%E1%BA%A1i_B%C3%ACnh_Long_ng%C3%A0y_08_th%C3%A1ng_8_n%C4%83m_2019_%285%29.jpg/120px-Th%E1%BB%8Bt_ch%C3%B3_%28m%E1%BA%AFm_ru%E1%BB%91c%29_t%E1%BA%A1i_B%C3%ACnh_Long_ng%C3%A0y_08_th%C3%A1ng_8_n%C4%83m_2019_%285%29.jpg,"[""https://upload.wikimedia.org/wikipedia/commons/thumb/3/3b/Th%E1%BB%8Bt_ch%C3%B3_%28m%E1%BA%AFm_ru%E1%BB%91c%29_t%E1%BA%A1i_B%C3%ACnh_Long_ng%C3%A0y_08_th%C3%A1ng_8_n%C4%83m_2019_%285%29.jpg/120px-Th%E1%BB%8Bt_ch%C3%B3_%28m%E1%BA%AFm_ru%E1%BB%91c%29_t%E1%BA%A1i_B%C3%ACnh_Long_ng%C3%A0y_08_th%C3%A1ng_8_n%C4%83m_2019_%285%29.jpg""]",Làm từ con ruốc lên men,Làm từ con ruốc lên men,,,,,0,Miền Trung,Đồ chấm,Gia vị và nước chấm
Xì dầu Nước tương,67f5118d-584e-457c-8628-11ee0c3b94d1,096cb2da-4203-4c2b-a0b6-c26377e0b9a0,https://upload.wikimedia.org/wikipedia/commons/thumb/6/63/Soy_sauce_2.jpg/120px-Soy_sauce_2.jpg,Nước chấm làm từ đỗ tương (đậu nành) và ngũ cốc rang chín lên men theo kiểu Trung Hoa.,https://upload.wikimedia.org/wikipedia/commons/thumb/6/63/Soy_sauce_2.jpg/120px-Soy_sauce_2.jpg,"[""https://upload.wikimedia.org/wikipedia/commons/thumb/6/63/Soy_sauce_2.jpg/120px-Soy_sauce_2.jpg""]",Nước chấm làm từ đỗ tương (đậu nành) và ngũ cốc rang chín lên men theo kiểu Trung Hoa.,Nước chấm làm từ đỗ tương (đậu nành) và ngũ cốc rang chín lên men theo kiểu Trung Hoa.,,,,,0,Khắp cả nước,Đồ chấm,Gia vị và nước chấm
Tương,67f5118d-584e-457c-8628-11ee0c3b94d1,096cb2da-4203-4c2b-a0b6-c26377e0b9a0,,"Nước chấm làm từ đỗ tương (đậu nành), gạo nếp và muối lên men. Thường dùng trong ẩm thực chay.",,[],"Nước chấm làm từ đỗ tương (đậu nành), gạo nếp và muối lên men. Thường dùng trong ẩm thực chay.","Nước chấm làm từ đỗ tương (đậu nành), gạo nếp và muối lên men. Thường dùng trong ẩm thực chay.",,,,,0,Khắp cả nước,Đồ chấm,Gia vị và nước chấm
Chẩm chéo,67f5118d-584e-457c-8628-11ee0c3b94d1,c6ef84fe-e7ac-41b0-b338-1d0775331eb1,https://upload.wikimedia.org/wikipedia/commons/thumb/9/9d/Ch%E1%BA%B3m_ch%C3%A9o_kh%C3%B4.jpg/120px-Ch%E1%BA%B3m_ch%C3%A9o_kh%C3%B4.jpg,"Gia vị cổ truyền của dân tộc Thái vùng Điện Biên, Tây Bắc và Đông Bắc Thái Lan - làm từ cá cơm, muối, hạt dổi, tỏi, mắc khén, hạt dẻ, húng lủi, rau thơm, ớt bột, sả.",https://upload.wikimedia.org/wikipedia/commons/thumb/9/9d/Ch%E1%BA%B3m_ch%C3%A9o_kh%C3%B4.jpg/120px-Ch%E1%BA%B3m_ch%C3%A9o_kh%C3%B4.jpg,"[""https://upload.wikimedia.org/wikipedia/commons/thumb/9/9d/Ch%E1%BA%B3m_ch%C3%A9o_kh%C3%B4.jpg/120px-Ch%E1%BA%B3m_ch%C3%A9o_kh%C3%B4.jpg""]","Gia vị cổ truyền của dân tộc Thái vùng Điện Biên, Tây Bắc và Đông Bắc Thái Lan - làm từ cá cơm, muối, hạt dổi, tỏi, mắc ","Gia vị cổ truyền của dân tộc Thái vùng Điện Biên, Tây Bắc và Đông Bắc Thái Lan - làm từ cá cơm, muối, hạt dổi, tỏi, mắc khén, hạt dẻ, húng lủi, rau thơm, ớt bột, sả.",,,,,0,Tây Bắc Bộ,Đồ chấm,Gia vị và nước chấm
Muối ớt rau răm,67f5118d-584e-457c-8628-11ee0c3b94d1,096cb2da-4203-4c2b-a0b6-c26377e0b9a0,,"Nước chấm làm từ rau mùi, ớt sừng, chanh và các nguyên liệu khác. Dùng làm nước chấm cho các loại thịt hoặc vịt lộn.",,[],"Nước chấm làm từ rau mùi, ớt sừng, chanh và các nguyên liệu khác. Dùng làm nước chấm cho các loại thịt hoặc vịt lộn.","Nước chấm làm từ rau mùi, ớt sừng, chanh và các nguyên liệu khác. Dùng làm nước chấm cho các loại thịt hoặc vịt lộn.",,,,,0,,Đồ chấm,Gia vị và nước chấm
Muối ớt xanh,67f5118d-584e-457c-8628-11ee0c3b94d1,0439b7ef-0eef-44d0-a527-8802d1694076,,Nước chấm với ớt xanh - thường dùng với các món hải sản.,,[],Nước chấm với ớt xanh - thường dùng với các món hải sản.,Nước chấm với ớt xanh - thường dùng với các món hải sản.,,,,,0,Miền Trung,Đồ chấm,Gia vị và nước chấm
Tương đậu phộng,67f5118d-584e-457c-8628-11ee0c3b94d1,096cb2da-4203-4c2b-a0b6-c26377e0b9a0,https://upload.wikimedia.org/wikipedia/commons/thumb/d/d9/Baobab_juice_with_peanut_butter_-_neteri.jpg/120px-Baobab_juice_with_peanut_butter_-_neteri.jpg,Dùng với gỏi cuốn.,https://upload.wikimedia.org/wikipedia/commons/thumb/d/d9/Baobab_juice_with_peanut_butter_-_neteri.jpg/120px-Baobab_juice_with_peanut_butter_-_neteri.jpg,"[""https://upload.wikimedia.org/wikipedia/commons/thumb/d/d9/Baobab_juice_with_peanut_butter_-_neteri.jpg/120px-Baobab_juice_with_peanut_butter_-_neteri.jpg""]",Dùng với gỏi cuốn.,Dùng với gỏi cuốn.,,,,,0,Khắp cả nước,Đồ chấm,Gia vị và nước chấm
Sa tế,67f5118d-584e-457c-8628-11ee0c3b94d1,27e0cdab-29f3-4d4a-8625-cf9f82a9636e,https://upload.wikimedia.org/wikipedia/commons/thumb/7/7b/Closeup_of_chili_sauce_for_Bun_Bo_Hue.jpg/120px-Closeup_of_chili_sauce_for_Bun_Bo_Hue.jpg,Hỗn hợp phụ gia tẩm ướp thực phẩm với nguyên liệu chính là ớt (ớt bột hoặc ớt tươi) và dầu ăn; ngoài ra có thể có thêm sả.,https://upload.wikimedia.org/wikipedia/commons/thumb/7/7b/Closeup_of_chili_sauce_for_Bun_Bo_Hue.jpg/120px-Closeup_of_chili_sauce_for_Bun_Bo_Hue.jpg,"[""https://upload.wikimedia.org/wikipedia/commons/thumb/7/7b/Closeup_of_chili_sauce_for_Bun_Bo_Hue.jpg/120px-Closeup_of_chili_sauce_for_Bun_Bo_Hue.jpg""]",Hỗn hợp phụ gia tẩm ướp thực phẩm với nguyên liệu chính là ớt (ớt bột hoặc ớt tươi) và dầu ăn; ngoài ra có thể có thêm s,Hỗn hợp phụ gia tẩm ướp thực phẩm với nguyên liệu chính là ớt (ớt bột hoặc ớt tươi) và dầu ăn; ngoài ra có thể có thêm sả.,,,,,0,Chợ Lớn,Đồ chấm,Gia vị và nước chấm
Tương ớt,67f5118d-584e-457c-8628-11ee0c3b94d1,096cb2da-4203-4c2b-a0b6-c26377e0b9a0,https://upload.wikimedia.org/wikipedia/commons/thumb/6/68/T%C6%B0%C6%A1ng_%E1%BB%9Bt_nh%C3%A0_l%C3%A0m_2018_%282%29.jpg/120px-T%C6%B0%C6%A1ng_%E1%BB%9Bt_nh%C3%A0_l%C3%A0m_2018_%282%29.jpg,"Nước chấm cay có dạng đặc sệt như nước sốt và có màu cam, được làm từ nguyên liệu chính là ớt xay nhuyễn kết hợp với một số gia vị khác.",https://upload.wikimedia.org/wikipedia/commons/thumb/6/68/T%C6%B0%C6%A1ng_%E1%BB%9Bt_nh%C3%A0_l%C3%A0m_2018_%282%29.jpg/120px-T%C6%B0%C6%A1ng_%E1%BB%9Bt_nh%C3%A0_l%C3%A0m_2018_%282%29.jpg,"[""https://upload.wikimedia.org/wikipedia/commons/thumb/6/68/T%C6%B0%C6%A1ng_%E1%BB%9Bt_nh%C3%A0_l%C3%A0m_2018_%282%29.jpg/120px-T%C6%B0%C6%A1ng_%E1%BB%9Bt_nh%C3%A0_l%C3%A0m_2018_%282%29.jpg""]","Nước chấm cay có dạng đặc sệt như nước sốt và có màu cam, được làm từ nguyên liệu chính là ớt xay nhuyễn kết hợp với một","Nước chấm cay có dạng đặc sệt như nước sốt và có màu cam, được làm từ nguyên liệu chính là ớt xay nhuyễn kết hợp với một số gia vị khác.",,,,,0,Khắp cả nước,Đồ chấm,Gia vị và nước chấm
Bia hơi,b316528a-5d59-4725-94d0-6eb3b6c23014,096cb2da-4203-4c2b-a0b6-c26377e0b9a0,https://upload.wikimedia.org/wikipedia/commons/thumb/0/0a/Bia_hoi.jpg/120px-Bia_hoi.jpg,Bia tươi,https://upload.wikimedia.org/wikipedia/commons/thumb/0/0a/Bia_hoi.jpg/120px-Bia_hoi.jpg,"[""https://upload.wikimedia.org/wikipedia/commons/thumb/0/0a/Bia_hoi.jpg/120px-Bia_hoi.jpg""]",Bia tươi,Bia tươi,,,,,0,Khắp cả nước,Đồ uống,Đồ uống
Chanh muối,b316528a-5d59-4725-94d0-6eb3b6c23014,096cb2da-4203-4c2b-a0b6-c26377e0b9a0,https://upload.wikimedia.org/wikipedia/commons/thumb/3/30/Chanhmuoiglass.jpg/120px-Chanhmuoiglass.jpg,"Nguyên liệu làm nước giải khát - được pha với đường, nước, uống với đá hoặc uống nóng [ 13 ]",https://upload.wikimedia.org/wikipedia/commons/thumb/3/30/Chanhmuoiglass.jpg/120px-Chanhmuoiglass.jpg,"[""https://upload.wikimedia.org/wikipedia/commons/thumb/3/30/Chanhmuoiglass.jpg/120px-Chanhmuoiglass.jpg""]","Nguyên liệu làm nước giải khát - được pha với đường, nước, uống với đá hoặc uống nóng [ 13 ]","Nguyên liệu làm nước giải khát - được pha với đường, nước, uống với đá hoặc uống nóng [ 13 ]",,,,,0,Khắp cả nước,Đồ uống,Đồ uống
Nước mía,b316528a-5d59-4725-94d0-6eb3b6c23014,096cb2da-4203-4c2b-a0b6-c26377e0b9a0,https://upload.wikimedia.org/wikipedia/commons/thumb/6/63/Sugarcanejuice.jpg/120px-Sugarcanejuice.jpg,Thức uống giải khát được làm từ mía bằng phương pháp xay ép cây mía để lấy nước [ 14 ],https://upload.wikimedia.org/wikipedia/commons/thumb/6/63/Sugarcanejuice.jpg/120px-Sugarcanejuice.jpg,"[""https://upload.wikimedia.org/wikipedia/commons/thumb/6/63/Sugarcanejuice.jpg/120px-Sugarcanejuice.jpg""]",Thức uống giải khát được làm từ mía bằng phương pháp xay ép cây mía để lấy nước [ 14 ],Thức uống giải khát được làm từ mía bằng phương pháp xay ép cây mía để lấy nước [ 14 ],,,,,0,Khắp cả nước,Đồ uống,Đồ uống
Nước sâm,b316528a-5d59-4725-94d0-6eb3b6c23014,096cb2da-4203-4c2b-a0b6-c26377e0b9a0,,Nước từ cây nhân sâm,,[],Nước từ cây nhân sâm,Nước từ cây nhân sâm,,,,,0,Khắp cả nước,Đồ uống,Đồ uống
Rau má,b316528a-5d59-4725-94d0-6eb3b6c23014,096cb2da-4203-4c2b-a0b6-c26377e0b9a0,https://upload.wikimedia.org/wikipedia/commons/thumb/a/a4/Nam_bai_bua_bok.JPG/120px-Nam_bai_bua_bok.JPG,Nước ép rau má đá pha với đường,https://upload.wikimedia.org/wikipedia/commons/thumb/a/a4/Nam_bai_bua_bok.JPG/120px-Nam_bai_bua_bok.JPG,"[""https://upload.wikimedia.org/wikipedia/commons/thumb/a/a4/Nam_bai_bua_bok.JPG/120px-Nam_bai_bua_bok.JPG""]",Nước ép rau má đá pha với đường,Nước ép rau má đá pha với đường,,,,,0,Khắp cả nước,Đồ uống,Đồ uống
Rượu cần,b316528a-5d59-4725-94d0-6eb3b6c23014,0439b7ef-0eef-44d0-a527-8802d1694076,https://upload.wikimedia.org/wikipedia/commons/thumb/9/90/Ruou_can_for_sale.jpg/120px-Ruou_can_for_sale.jpg,"Loại rượu đặc sản của một số dân tộc tại Việt Nam, được ủ men trong hũ/bình/ché/chóe/ghè, không qua chưng cất, khi đem ra uống phải dùng các cần làm bằng tre/trúc đục thông lỗ để hút rượu",https://upload.wikimedia.org/wikipedia/commons/thumb/9/90/Ruou_can_for_sale.jpg/120px-Ruou_can_for_sale.jpg,"[""https://upload.wikimedia.org/wikipedia/commons/thumb/9/90/Ruou_can_for_sale.jpg/120px-Ruou_can_for_sale.jpg""]","Loại rượu đặc sản của một số dân tộc tại Việt Nam, được ủ men trong hũ/bình/ché/chóe/ghè, không qua chưng cất, khi đem r","Loại rượu đặc sản của một số dân tộc tại Việt Nam, được ủ men trong hũ/bình/ché/chóe/ghè, không qua chưng cất, khi đem ra uống phải dùng các cần làm bằng tre/trúc đục thông lỗ để hút rượu",,,,,0,"Tây Bắc Bộ , Tây Nguyên",Đồ uống,Đồ uống
Rượu đế,b316528a-5d59-4725-94d0-6eb3b6c23014,51eb38d6-9728-4d90-b7fe-c2f8236144a2,https://upload.wikimedia.org/wikipedia/commons/thumb/8/8e/Khap_ruou.jpg/120px-Khap_ruou.jpg,Rượu chưng cất từ ngũ cốc lên men,https://upload.wikimedia.org/wikipedia/commons/thumb/8/8e/Khap_ruou.jpg/120px-Khap_ruou.jpg,"[""https://upload.wikimedia.org/wikipedia/commons/thumb/8/8e/Khap_ruou.jpg/120px-Khap_ruou.jpg""]",Rượu chưng cất từ ngũ cốc lên men,Rượu chưng cất từ ngũ cốc lên men,,,,,0,Đồng bằng sông Cửu Long,Đồ uống,Đồ uống
Rượu thuốc,b316528a-5d59-4725-94d0-6eb3b6c23014,096cb2da-4203-4c2b-a0b6-c26377e0b9a0,https://upload.wikimedia.org/wikipedia/commons/thumb/1/15/Ruou_thuoc_1.jpg/120px-Ruou_thuoc_1.jpg,"Loại rượu ngâm rất, thường làm bằng rượu trắng nồng độ cao ngâm các nguyên liệu thảo dược hoặc động vật có dược tính theo các phương pháp cổ truyền",https://upload.wikimedia.org/wikipedia/commons/thumb/1/15/Ruou_thuoc_1.jpg/120px-Ruou_thuoc_1.jpg,"[""https://upload.wikimedia.org/wikipedia/commons/thumb/1/15/Ruou_thuoc_1.jpg/120px-Ruou_thuoc_1.jpg""]","Loại rượu ngâm rất, thường làm bằng rượu trắng nồng độ cao ngâm các nguyên liệu thảo dược hoặc động vật có dược tính the","Loại rượu ngâm rất, thường làm bằng rượu trắng nồng độ cao ngâm các nguyên liệu thảo dược hoặc động vật có dược tính theo các phương pháp cổ truyền",,,,,0,Khắp cả nước,Đồ uống,Đồ uống
Rượu rắn,b316528a-5d59-4725-94d0-6eb3b6c23014,096cb2da-4203-4c2b-a0b6-c26377e0b9a0,https://upload.wikimedia.org/wikipedia/commons/thumb/c/c5/Snakewine.jpg/120px-Snakewine.jpg,"Loại rượu thuốc trong đó, xác rắn được ngâm trong rượu gạo nồng độ cao",https://upload.wikimedia.org/wikipedia/commons/thumb/c/c5/Snakewine.jpg/120px-Snakewine.jpg,"[""https://upload.wikimedia.org/wikipedia/commons/thumb/c/c5/Snakewine.jpg/120px-Snakewine.jpg""]","Loại rượu thuốc trong đó, xác rắn được ngâm trong rượu gạo nồng độ cao","Loại rượu thuốc trong đó, xác rắn được ngâm trong rượu gạo nồng độ cao",,,,,0,Khắp cả nước,Đồ uống,Đồ uống
Soda sữa hột gà,b316528a-5d59-4725-94d0-6eb3b6c23014,096cb2da-4203-4c2b-a0b6-c26377e0b9a0,,"Thức uống ngọt được làm từ lòng đỏ trứng gà, sữa đặc có đường và nước soda",,[],"Thức uống ngọt được làm từ lòng đỏ trứng gà, sữa đặc có đường và nước soda","Thức uống ngọt được làm từ lòng đỏ trứng gà, sữa đặc có đường và nước soda",,,,,0,Khắp cả nước,Đồ uống,Đồ uống
sữa đậu nành,b316528a-5d59-4725-94d0-6eb3b6c23014,096cb2da-4203-4c2b-a0b6-c26377e0b9a0,https://upload.wikimedia.org/wikipedia/commons/thumb/5/5f/Soy_milk.jpg/120px-Soy_milk.jpg,Thức uống làm từ đậu nành,https://upload.wikimedia.org/wikipedia/commons/thumb/5/5f/Soy_milk.jpg/120px-Soy_milk.jpg,"[""https://upload.wikimedia.org/wikipedia/commons/thumb/5/5f/Soy_milk.jpg/120px-Soy_milk.jpg""]",Thức uống làm từ đậu nành,Thức uống làm từ đậu nành,,,,,0,Khắp cả nước,Đồ uống,Đồ uống
Cà phê sữa đá,b316528a-5d59-4725-94d0-6eb3b6c23014,096cb2da-4203-4c2b-a0b6-c26377e0b9a0,https://upload.wikimedia.org/wikipedia/commons/thumb/b/b7/Viet-coffee.jpg/120px-Viet-coffee.jpg,Thức uống làm từ cà phê pha phin với sữa đặc có đường và bỏ đá,https://upload.wikimedia.org/wikipedia/commons/thumb/b/b7/Viet-coffee.jpg/120px-Viet-coffee.jpg,"[""https://upload.wikimedia.org/wikipedia/commons/thumb/b/b7/Viet-coffee.jpg/120px-Viet-coffee.jpg""]",Thức uống làm từ cà phê pha phin với sữa đặc có đường và bỏ đá,Thức uống làm từ cà phê pha phin với sữa đặc có đường và bỏ đá,,,,,0,Khắp cả nước,Đồ uống,Đồ uống
Trà sen,b316528a-5d59-4725-94d0-6eb3b6c23014,096cb2da-4203-4c2b-a0b6-c26377e0b9a0,https://upload.wikimedia.org/wikipedia/commons/thumb/3/35/Vietnameselotustea.jpg/120px-Vietnameselotustea.jpg,Một loại trà xanh sản xuất tại Việt Nam đã được ướp hương,https://upload.wikimedia.org/wikipedia/commons/thumb/3/35/Vietnameselotustea.jpg/120px-Vietnameselotustea.jpg,"[""https://upload.wikimedia.org/wikipedia/commons/thumb/3/35/Vietnameselotustea.jpg/120px-Vietnameselotustea.jpg""]",Một loại trà xanh sản xuất tại Việt Nam đã được ướp hương,Một loại trà xanh sản xuất tại Việt Nam đã được ướp hương,,,,,0,Khắp cả nước,Đồ uống,Đồ uống
